file,segment,rms_acc,peak_acc,rms_vel,peak_vel,rms_pos,peak_pos,zcr,energy_decay_rate,damping_ratio,dominant_freq,inc_deg,inc_loc,damp,damp_loc
G0_P5_case_perfect.mat,1,0.188105495937964,0.645079117406391,0.0343671613810675,0.0809796320432315,0.0121383712980817,0.0230613477699617,0.01875,0.00475442909592719,-0.010714960306733,0.5,0,0,0,0
G0_P5_case_perfect.mat,2,0.163366392403319,0.523699867164848,0.0387240021910596,0.0823994416523749,0.0275641815882152,0.0647893743189223,0.0364583333333333,0.00440289856954632,-0.000382732573808351,7,0,0,0,0
G0_P5_case_perfect.mat,3,0.0862634368085503,0.330847049241777,0.0493144223609807,0.0857299013933625,0.0373733025355773,0.0843642121430889,0.0385416666666667,0.00116371157094944,-0.0955573876707296,0,0,0,0,0
G0_P5_case_perfect.mat,4,0.047640107834344,0.113682530975933,0.0464707789366816,0.0812548325986303,0.03656053285937,0.0810997363756146,0.0208333333333333,0.000321916017689889,0.425461251524179,0,0,0,0,0
G0_P5_case_perfect.mat,5,0.0487545718713812,0.118028409441756,0.0514964221416296,0.0885835052338475,0.0400986135136143,0.0892348584643044,0.0145833333333333,0.000325547250569039,0.0383841225631383,0,0,0,0,0
G0_P5_case_perfect.mat,6,0.0468381620819486,0.0867556526392811,0.0498531820894702,0.0845591885238191,0.0390728095506141,0.0866623438602771,0.0104166666666667,0.000304892322786805,-0.226057873348362,0,0,0,0,0
G0_P5_case_perfect.mat,7,0.045756032061053,0.0964980911987821,0.0481102448442238,0.0821278921308619,0.0380125946238362,0.0839338772116681,0.00625,0.000277455442447709,0.0616936120850629,0,0,0,0,0
G0_P5_case_perfect.mat,8,0.0705244850187715,0.226431018294445,0.0513216965424348,0.107903515504066,0.0363171444356613,0.0854931068421953,0.0208333333333333,0.00075437681045736,-0.278068150102024,0,0,0,0,0
G0_P5_case_perfect.mat,9,0.169970539827999,0.886786660999441,0.0617178425498984,0.0873545562183665,0.064652899544274,0.115101807267442,0.0270833333333333,0.00459706594434828,-0.0322798602632512,0.5,0,0,0,0
G0_P5_case_perfect.mat,10,0.0672906789367917,0.315133353678886,0.0404657939436798,0.0728481108942216,0.0285202404059288,0.0666955839652516,0.01875,0.00118180065342624,0.112780748246884,0,0,0,0,0
G0_P5_case_perfect.mat,11,0.0429132848528414,0.146891523047019,0.0453261993370095,0.078537432564377,0.0350970649551845,0.0784092684798937,0.00833333333333333,0.000191853093614606,0.00836656058497988,0,0,0,0,0
G0_P5_case_perfect.mat,12,0.0527681809279717,0.134847592945678,0.0442662533921512,0.0770751002447408,0.0339846491303842,0.076233082065402,0.04375,0.000652411936615417,0.0384232720228677,0,0,0,0,0
G0_P5_case_perfect.mat,13,0.124345211343362,0.442406203769701,0.0451049741802902,0.0800484019699312,0.0349522139356525,0.0781254635535647,0.0625,0.00477636688893764,0.186936481317222,18.5,0,0,0,0
G0_P5_case_perfect.mat,14,0.236967510859878,0.627847172718307,0.0414402165939051,0.0716147285776414,0.0338036317580569,0.0737442099958363,0.0729166666666667,0.018155354452086,-0.000891699086058322,19.5,0,0,0,0
G0_P5_case_perfect.mat,15,0.0737680270420711,0.443475011243019,0.0447917823345345,0.0745776285775801,0.0351393855645836,0.0777961501032622,0.0416666666666667,0.00129240852680774,0.0537104430133558,0,0,0,0,0
G0_P5_case_perfect.mat,16,0.0356566377017155,0.0819371118291869,0.0389535620860361,0.0669655488600426,0.0306011524555074,0.0678318683962916,0,0.000180300838695572,0.0276051907993693,0,0,0,0,0
G0_P5_case_perfect.mat,17,0.040400218551017,0.119620638768213,0.0387357149385614,0.0661777794175634,0.0306950343940672,0.067706147477605,0.0229166666666667,0.000272183904963744,-0.0221281460957534,0,0,0,0,0
G0_P5_case_perfect.mat,18,0.0582226234290853,0.307859831058083,0.0382764873598537,0.0648634800107347,0.0302337210468711,0.0667474561074194,0.0291666666666667,0.000771406240675136,-0.0250169198402522,0,0,0,0,0
G0_P5_case_perfect.mat,19,0.335360817751981,1,0.0327528125507768,0.0576560062616491,0.0158994497659155,0.039171232893049,0.0302083333333333,0.0141510914910613,0.147252809467859,8.5,0,0,0,0
G1_P5_case12.mat,1,0.161502799695127,0.44950997616902,0.125444304833589,0.187767619935572,0.112951970317834,0.229630743898495,0.0270833333333333,0.00279064104884972,0.157648167225346,4,1,4,0,0
G1_P5_case12.mat,2,0.119570869088162,0.291779858030794,0.117423589301228,0.195177490103265,0.0941337662605026,0.206020610271442,0.0197916666666667,0.00196808557004528,-0.0533229786343896,0,1,4,0,0
G1_P5_case12.mat,3,0.098151494676588,0.196686690809367,0.108967323827832,0.188333052171004,0.0844721780306913,0.188564014101227,0.00104166666666667,0.000780072908215016,-0.000172173810198498,0,1,4,0,0
G1_P5_case12.mat,4,0.0957603419735407,0.135040643652289,0.109016087335668,0.189439678319962,0.0842919983163577,0.188481747915689,0,0.000486038583475594,0.0205737020156789,0,1,4,0,0
G1_P5_case12.mat,5,0.0959132560818308,0.148500081713755,0.110230889407529,0.190050762410624,0.0855825804143184,0.190906956976696,0,0.000550140313417517,0.0207735706351624,0,1,4,0,0
G1_P5_case12.mat,6,0.0960471524565008,0.129844595091597,0.109809447937011,0.190127181134101,0.0847696675992735,0.189679001200761,0,0.000449095046407328,0.0112268343733691,0,1,4,0,0
G1_P5_case12.mat,7,0.0955290055688781,0.136927167415527,0.108833629648813,0.188536371901245,0.0843253189903578,0.188370868143491,0,0.000390270976291919,0.00716615818031997,0,1,4,0,0
G1_P5_case12.mat,8,0.0879962395138953,0.268768940041904,0.0951409623226688,0.148272471637709,0.0794097768233406,0.169439103722002,0.01875,0.000924928735927365,-0.0334169838642292,0,1,4,0,0
G1_P5_case12.mat,9,0.175111337825433,0.765615960275167,0.145186433257351,0.2373665382279,0.117732845553171,0.256032495899155,0.0125,0.00454728903503081,0.182510755214323,0,1,4,0,0
G1_P5_case12.mat,10,0.0943238182062952,0.0989284281064806,0.108977627577878,0.188422507295066,0.0844857977535519,0.188618907255009,0,5.25201790396813e-05,2.68483051871596e-05,0,1,4,0,0
G1_P5_case12.mat,11,0.0951815953750166,0.125364763742801,0.109048983255184,0.189081257561626,0.0843760134614211,0.188586898043961,0,0.000348264216391323,-0.000465466434212659,0,1,4,0,0
G1_P5_case12.mat,12,0.0969271847295505,0.137623298991143,0.110463623480188,0.191085088927354,0.0855034970491415,0.19107170352592,0,0.000564869027390768,-0.0096138379848326,0,1,4,0,0
G1_P5_case12.mat,13,0.104188878270177,0.194597863467466,0.11117915695514,0.193128912429168,0.0856773290813648,0.191955154952773,0.00208333333333333,0.0015344613147846,-0.0177702766074818,0,1,4,0,0
G1_P5_case12.mat,14,0.188832983945189,1,0.111450773557011,0.188623661649168,0.0874684480052118,0.193670222458062,0.0208333333333333,0.0079818182601206,-0.0364712523103989,0,1,4,0,0
G1_P5_case12.mat,15,0.130892165551085,0.5118177128092,0.116301777587155,0.200371806118707,0.0892160704117112,0.200112843274015,0.01875,0.00236297064928898,-0.308602807539366,0,1,4,0,0
G1_P5_case12.mat,16,0.0982706397088949,0.128374028284535,0.112220470138266,0.194728322664363,0.0867940629188333,0.194075946394261,0,0.000467357602267901,0.000834297152512489,0,1,4,0,0
G1_P5_case12.mat,17,0.101568847932083,0.150420935542457,0.115670122862739,0.200818731910345,0.0896205210489022,0.200194256637491,0,0.00049842249301897,0.0258167211426825,0,1,4,0,0
G1_P5_case12.mat,18,0.130559646237077,0.568434958900569,0.124818248957511,0.217544902455708,0.0919313234349089,0.211356644303094,0.009375,0.00142803073896365,0.0307185391995073,0,1,4,0,0
G1_P5_case12.mat,19,0.142217153805589,0.357907281725472,0.118544993934004,0.224158118828857,0.0839275469981836,0.196882845060838,0.0239583333333333,0.0024992572489747,-0.235145529310608,0,1,4,0,0
G2_P5_case22.mat,1,0.16580416583147,0.517671523776168,0.059014735813483,0.142623479711618,0.0227699040711216,0.0717867374468912,0.0177083333333333,0.00405265423037802,0.00540051839451765,0.5,2,5,0,0
G2_P5_case22.mat,2,0.119171396393525,0.314433520205726,0.0824948267963293,0.148318676346655,0.0624413762078269,0.141298634207297,0.0458333333333333,0.00241822411809359,0.193186762913708,0,2,5,0,0
G2_P5_case22.mat,3,0.0936436459473226,0.233357457932438,0.088125374458808,0.150750721391361,0.068425999115886,0.152494392812189,0.0177083333333333,0.00125828624706375,0.0594894347954669,0,2,5,0,0
G2_P5_case22.mat,4,0.0795050302844829,0.137142798150069,0.0885025870554861,0.152866110958804,0.068583618715397,0.153113400942127,0,0.000549710406193029,0.000711311988491059,0,2,5,0,0
G2_P5_case22.mat,5,0.0753800615674327,0.119656511610143,0.0849715358052215,0.146351988777164,0.0661198415775301,0.147320435210923,0,0.000625122826807692,-0.00760832598463103,0,2,5,0,0
G2_P5_case22.mat,6,0.0754425509897508,0.118636465466714,0.0822920319028748,0.144032734487863,0.0630720131569188,0.141713104525837,0.00208333333333333,0.000560039438884412,0.00416806198149259,0,2,5,0,0
G2_P5_case22.mat,7,0.0753764011946995,0.123417167909597,0.0850546125787389,0.147650996733083,0.0659726999516934,0.1472903602214,0,0.000375406435543364,-0.0261302032810648,0,2,5,0,0
G2_P5_case22.mat,8,0.0988112209042768,0.269941468044714,0.087106477240682,0.171823140621224,0.0637939790530054,0.14743230173508,0.00625,0.00132981501770957,0.0408820269384012,0,2,5,0,0
G2_P5_case22.mat,9,0.192963350995108,1,0.0765554827026968,0.122057322680046,0.0721703995651828,0.143842898606669,0.04375,0.00727968874563985,0.0336889877138094,12.5,2,5,0,0
G2_P5_case22.mat,10,0.0808883951130698,0.253463753153045,0.0883730839160873,0.153390511877409,0.068226826465444,0.152643944068512,0.00208333333333333,0.000404954026186042,-0.0282702687208296,0,2,5,0,0
G2_P5_case22.mat,11,0.0789076424991039,0.14474409362032,0.090615620968924,0.156042485627134,0.0705667122508412,0.157123629773726,0,0.000249702904621499,0.00106469557510254,0,2,5,0,0
G2_P5_case22.mat,12,0.0764604396157016,0.110935696546679,0.0874946164286448,0.151071505418593,0.0678710156906574,0.151453768417384,0,0.00040553084997668,0.0169985021815487,0,2,5,0,0
G2_P5_case22.mat,13,0.0824501053246493,0.178388820668247,0.0858933129300028,0.149777591872685,0.066435838692178,0.148537658479182,0.00833333333333333,0.000916586879519365,0.0171672055399142,0,2,5,0,0
G2_P5_case22.mat,14,0.114515898728457,0.616789062899289,0.0870690121406103,0.153508960560595,0.0674333537306575,0.15073844675759,0.05625,0.00298548353744171,0.365029293776911,0,2,5,0,0
G2_P5_case22.mat,15,0.117264511425283,0.674154100990676,0.0811851302161472,0.140099592139753,0.0627824537709329,0.140318828015164,0.0145833333333333,0.00309498396304474,-0.00548947950406255,0,2,5,0,0
G2_P5_case22.mat,16,0.0755050109720505,0.166270593385172,0.084146386400378,0.146035102237753,0.0645601906285303,0.144942520036278,0,0.000508895709622322,0.0105864995490121,0,2,5,0,0
G2_P5_case22.mat,17,0.0712721755006941,0.11706380733978,0.0798329121413277,0.138664655533008,0.061872247167557,0.138204356799349,0,0.000446527013349102,-0.00716770892230341,0,2,5,0,0
G2_P5_case22.mat,18,0.0747984349784652,0.191809456500032,0.0813701882760415,0.13815939933951,0.0630108497419635,0.140725302120539,0.00520833333333333,0.000467674799704713,-0.0280017727929288,0,2,5,0,0
G2_P5_case22.mat,19,0.165744715377406,0.446840055009613,0.0912074795278298,0.147157745363915,0.0644167981887687,0.148260243353888,0.034375,0.00399711406932199,-0.168918108375781,4,2,5,0,0
G3_P5_case32.mat,1,0.375307550539078,0.569530370651009,0.437558303005791,0.737610386239848,0.344475642319582,0.761553458668699,0,0.00383842330387504,0.000595943547619427,0,3,4,0,0
G3_P5_case32.mat,2,0.371795441981284,0.454337079220209,0.429874176439846,0.739776752637884,0.333840031099239,0.744484169086363,0,0.00322170280498095,0.0123466983917039,0,3,4,0,0
G3_P5_case32.mat,3,0.368599322277652,0.434469143933142,0.424384450299911,0.735314431296373,0.328343292357461,0.733863021148744,0,0.00195999650015485,-0.0471317407740255,0,3,4,0,0
G3_P5_case32.mat,4,0.368779986162705,0.385782320005056,0.425267383957092,0.736699506878125,0.329006201574895,0.735384931576983,0,0.000859274425273984,-0.00478958609736889,0,3,4,0,0
G3_P5_case32.mat,5,0.369889459256103,0.383052538823049,0.42654995855508,0.738951243501563,0.330000546739709,0.737601955042349,0,0.000905369204720577,0.000320219791404339,0,3,4,0,0
G3_P5_case32.mat,6,0.369317188243535,0.384735878146739,0.426052264031366,0.73779485250555,0.329862903376623,0.737002047763317,0,0.000826301102461828,-0.00306214023781097,0,3,4,0,0
G3_P5_case32.mat,7,0.370439720684097,0.386710664612752,0.427276840506533,0.740034076136613,0.330872695386852,0.739218057710865,0,0.000627787731303383,0.00243805727865707,0,3,4,0,0
G3_P5_case32.mat,8,0.36433888452096,0.410376552781713,0.42376529411311,0.727230590500541,0.329034214640081,0.733802060102338,0,0.00158375820792579,-0.00686700152708003,0,3,4,0,0
G3_P5_case32.mat,9,0.38376243826861,0.828146141497798,0.434146970090147,0.753238049935555,0.332375248805099,0.746527428799001,0.00208333333333333,0.00434116266849956,-0.00428214686663462,0,3,4,0,0
G3_P5_case32.mat,10,0.369304090531333,0.386856754495511,0.425996631575792,0.737815813393423,0.329803608400788,0.736902061099612,0,0.000242040807533907,-0.000118743626510215,0,3,4,0,0
G3_P5_case32.mat,11,0.370050907493525,0.380732070232247,0.426956416584661,0.739306207101116,0.330474473260824,0.73847678874303,0,0.000377340335452747,-0.000261466740203361,0,3,4,0,0
G3_P5_case32.mat,12,0.369591822632702,0.398578307833568,0.426342771849121,0.7381381399221,0.33001477660014,0.737432052982315,0,0.00157608520275326,-0.00279352259871343,0,3,4,0,0
G3_P5_case32.mat,13,0.371162821040017,0.415879922451626,0.427880088767547,0.740819697618876,0.331340163770786,0.74023114467492,0,0.00272357237245051,-0.00214700211002475,0,3,4,0,0
G3_P5_case32.mat,14,0.373311557938475,0.45758608816617,0.427580261536177,0.743311819962685,0.330798448620008,0.739425117581233,0,0.00434222190671653,-0.00391341285624968,0,3,4,0,0
G3_P5_case32.mat,15,0.39420692962058,1,0.390110488137196,0.681682521039964,0.303321434766227,0.675937789453102,0.0104166666666667,0.0111680317077191,-0.0159681429684349,0,3,4,0,0
G3_P5_case32.mat,16,0.371540967384062,0.397334690220842,0.428931827899328,0.742198345679009,0.332320055900406,0.742211029709005,0,0.00091359851198617,-0.00131244792257624,0,3,4,0,0
G3_P5_case32.mat,17,0.371456171262213,0.386251416479616,0.42840164623388,0.742019865443125,0.331526580244493,0.740910626389013,0,0.00081706493025303,-0.00394251835143019,0,3,4,0,0
G3_P5_case32.mat,18,0.371841180263909,0.438474401408253,0.428326912584204,0.742525571929346,0.331613449042819,0.740943371214886,0,0.000941480663050211,0.00280229487460222,0,3,4,0,0
G3_P5_case32.mat,19,0.377689296443463,0.542270819228958,0.430038946218563,0.745748338397336,0.336200597597731,0.747774151080735,0,0.00436890642666848,-0.0402122374724027,0,3,4,0,0
G4_P5_case42.mat,1,0.132004812783965,0.366951790699496,0.0438575630021143,0.10792152582384,0.0132175646388637,0.0462220244647455,0.0197916666666667,0.00260128680023012,-0.00867458591190254,0.5,4,5,0,0
G4_P5_case42.mat,2,0.0939713078219979,0.257437127086346,0.059163021989279,0.105018624814534,0.0457501749628808,0.102378976670267,0.0479166666666667,0.0016131541731413,0.166844221316274,0,4,5,0,0
G4_P5_case42.mat,3,0.0726931144557699,0.192620672835802,0.0668040647849495,0.112930686086512,0.0540317183267083,0.118041660689309,0.0177083333333333,0.000817086036160552,0.0994425986618881,0,4,5,0,0
G4_P5_case42.mat,4,0.0559204158625259,0.105407577421213,0.0614374436301138,0.105828701229129,0.0475185272210683,0.106184679270198,0,0.000375951635621039,0.0643779903470945,0,4,5,0,0
G4_P5_case42.mat,5,0.0515500094665884,0.102779151851977,0.0550138738294824,0.0969917078428702,0.042012300092792,0.0945649623587173,0.00208333333333333,0.000332846800225995,-0.0785300639850379,0,4,5,0,0
G4_P5_case42.mat,6,0.0536482638125403,0.0870935440073968,0.0604721018249792,0.103825723669906,0.0470595364530637,0.104815075614533,0,0.000228450491043651,-0.053201433956553,0,4,5,0,0
G4_P5_case42.mat,7,0.0535729160857393,0.094442881489696,0.057874698603354,0.0995403724200385,0.044605625443445,0.0999048578600923,0.00208333333333333,0.000213966117884247,-0.100638356098112,0,4,5,0,0
G4_P5_case42.mat,8,0.076514953348617,0.191412866752051,0.0671414062680676,0.134321678063249,0.0488557154588429,0.113314076258419,0.00625,0.000811185321468901,0.0123860070222667,0,4,5,0,0
G4_P5_case42.mat,9,0.194526205775462,1,0.0422928816854336,0.0689426280355449,0.0414360212982292,0.0794830114718605,0.03125,0.00716217043615594,-0.0847200754272782,8,4,5,0,0
G4_P5_case42.mat,10,0.0547955853017096,0.138911133611603,0.0611643240044789,0.105973343208091,0.0471922856385506,0.105639484456669,0.00208333333333333,0.000152301979774336,0.00158233979181403,0,4,5,0,0
G4_P5_case42.mat,11,0.0538781830153008,0.102156836776799,0.0608565357954555,0.105274410535147,0.0470352131704781,0.105196419829382,0,0.000177657821323717,0.00693508356125135,0,4,5,0,0
G4_P5_case42.mat,12,0.0528242802565487,0.100996979310481,0.0589978780298606,0.101921771033409,0.0458497185305186,0.102211026870183,0.00208333333333333,0.000276953407304895,-0.028108928845593,0,4,5,0,0
G4_P5_case42.mat,13,0.059349978500132,0.12410778915853,0.057767195020543,0.101304652452126,0.0442329972121368,0.0994212206110096,0.0229166666666667,0.000649121741021257,0.0140760161555709,0,4,5,0,0
G4_P5_case42.mat,14,0.125112383360926,0.544884835707419,0.0532774048225164,0.0934714503858113,0.040923314022578,0.0918969800559379,0.0645833333333333,0.00393936207512236,0.318305288813818,19.5,4,5,0,0
G4_P5_case42.mat,15,0.129186361151914,0.723618270436321,0.0557649996663926,0.0949999843505263,0.0440720239420235,0.0973425778371828,0.0270833333333333,0.00315458849595714,-0.14270524059504,9.5,4,5,0,0
G4_P5_case42.mat,16,0.0477051954626103,0.0820309219262459,0.0531355012872861,0.0908621144522008,0.0415483560646281,0.0923191289135015,0,0.000282709941505674,0.00791460518142737,0,4,5,0,0
G4_P5_case42.mat,17,0.0483855485343166,0.101322733386779,0.0528067521837048,0.0918387385445234,0.0408583168224098,0.0913523044793442,0,0.000266032642425945,-0.000203843815095812,0,4,5,0,0
G4_P5_case42.mat,18,0.0648246905155414,0.309062373821832,0.0524083379550844,0.0854969663568435,0.0411412854886961,0.0911036392789428,0.0114583333333333,0.000490079338630501,-0.0312903047842594,0,4,5,0,0
G4_P5_case42.mat,19,0.14062674447481,0.363269495185068,0.0640511820322074,0.0990414725605969,0.0472466432796166,0.106333207730913,0.0395833333333333,0.00310298339970741,-0.314898539678656,4,4,5,0,0
G5_P5_case52.mat,1,0.39509774468866,0.552006397010483,0.460502020411973,0.784529361922348,0.357778968204135,0.797144823113858,0,0.00235016713945896,0.000694732895096229,0,5,4,0,0
G5_P5_case52.mat,2,0.392268874229456,0.463990768913754,0.451742405852913,0.781881767623029,0.34881910684123,0.780302813047207,0,0.00286228539324314,-0.000775165177336678,0,5,4,0,0
G5_P5_case52.mat,3,0.392361777387316,0.446143562425201,0.452066638606722,0.783231633040315,0.349704839353661,0.781702644374727,0,0.00150104456037849,-0.00824007618917172,0,5,4,0,0
G5_P5_case52.mat,4,0.392163744849166,0.406292771952978,0.452790539869116,0.783472712485832,0.350687918439144,0.783352434392003,0,0.000472677689968801,-0.000705383216412037,0,5,4,0,0
G5_P5_case52.mat,5,0.391858875958834,0.400773945824183,0.45207503183205,0.782875990210249,0.349981820212877,0.781987566685935,0,0.000522781867214361,-0.000563408331229377,0,5,4,0,0
G5_P5_case52.mat,6,0.392992385383568,0.406046682304744,0.453544288150432,0.785126424639911,0.351182160513138,0.784585389452343,0,0.000598877789487711,0.000185558513186558,0,5,4,0,0
G5_P5_case52.mat,7,0.392821786625795,0.400105950220108,0.453211624403009,0.784792939164194,0.350641296414642,0.783710174532687,0,0.000418178332130717,0.00104946024964978,0,5,4,0,0
G5_P5_case52.mat,8,0.390658498735494,0.413485103569136,0.452129569936842,0.780290434069608,0.350263432745977,0.782263119545677,0,0.000911232324624442,-0.000817677789943964,0,5,4,0,0
G5_P5_case52.mat,9,0.395986016821278,0.695159948101056,0.450436778291232,0.786184024068046,0.34448123296372,0.774765605026836,0,0.00329683684777887,0.0132443198672855,0,5,4,0,0
G5_P5_case52.mat,10,0.392600712544057,0.454515428413774,0.452665524162855,0.784201587811659,0.35016146783147,0.782699562105111,0,0.000825119174909216,0.00622921081361575,0,5,4,0,0
G5_P5_case52.mat,11,0.393233351373448,0.405218132190656,0.453632258554021,0.785637222018129,0.351103107975937,0.784598029135532,0,0.000297855783019825,3.03582209726002e-05,0,5,4,0,0
G5_P5_case52.mat,12,0.393243989018955,0.402229138211544,0.453661505272592,0.785639505721088,0.35115595198357,0.784674072782381,0,0.000514036759790935,0.000599605810403629,0,5,4,0,0
G5_P5_case52.mat,13,0.393120454784289,0.421898899385786,0.453664524936961,0.785090447299847,0.351148564278604,0.784675245566557,0,0.00172728644205493,0.00209986692957882,0,5,4,0,0
G5_P5_case52.mat,14,0.394039177286173,0.45026604383948,0.453503704010529,0.785802529404867,0.351079863424958,0.784483034084895,0,0.00395978796195722,0.00288949117409521,0,5,4,0,0
G5_P5_case52.mat,15,0.416683097484082,1,0.360892388621476,0.621398751262701,0.297315532703257,0.640949553757731,0.0104166666666667,0.0116290747074364,0.00180214194200546,0,5,4,0,0
G5_P5_case52.mat,16,0.393203279411724,0.402903903663776,0.45365701047497,0.785562215751314,0.351155177668214,0.784663822391132,0,0.000551270031154177,-0.00212967788981621,0,5,4,0,0
G5_P5_case52.mat,17,0.393426621472371,0.412215882167343,0.4538616101355,0.785969097953108,0.351220824534975,0.784914747983413,0,0.000675830877930799,-0.00251964382741095,0,5,4,0,0
G5_P5_case52.mat,18,0.393391410929605,0.42849708853493,0.453778752653979,0.785832022483883,0.351283045504719,0.784921196320704,0,0.000703196554776807,-0.0015699656253755,0,5,4,0,0
G5_P5_case52.mat,19,0.394460474670407,0.617263244241039,0.451910254295773,0.782368812009845,0.351526226920755,0.783678450511995,0,0.00396022768266196,-0.00187367733031109,0,5,4,0,0
G6_P5_case62.mat,1,0.172864574637038,0.374060245790875,0.138209097979084,0.281294621863684,0.101341558563373,0.234517860632482,0.0104166666666667,0.00215634818727906,0.00661216836631881,0,5,5,0,0
G6_P5_case62.mat,2,0.176394140695815,0.409259907057108,0.167700119314165,0.290314030683332,0.133626837810319,0.294405745074747,0.0208333333333333,0.00422600005712895,0.0573652372467807,0,5,5,0,0
G6_P5_case62.mat,3,0.158313125696261,0.353284319849627,0.168599341096993,0.29100841565497,0.131329537638626,0.292458070581326,0.0104166666666667,0.00229509583603175,0.45383376635694,0,5,5,0,0
G6_P5_case62.mat,4,0.142287634018839,0.174218688799551,0.1617835299461,0.282993853271992,0.124289153882927,0.278904639190355,0,0.000550097868267747,0.0143002694698675,0,5,5,0,0
G6_P5_case62.mat,5,0.143890977236913,0.180394085566224,0.165367006415954,0.28593844857866,0.12809503998733,0.286085244303769,0,0.000719787910678576,-0.0453081321406925,0,5,5,0,0
G6_P5_case62.mat,6,0.14503316853568,0.196956945097365,0.166602776090159,0.288476710787344,0.129150815678498,0.28837293098077,0,0.000638965491743568,-0.0104964341967031,0,5,5,0,0
G6_P5_case62.mat,7,0.14281278081758,0.167713179224831,0.164620371895223,0.284567579068414,0.127651695014209,0.284947265024053,0,0.000451831418304625,0.0130555130501911,0,5,5,0,0
G6_P5_case62.mat,8,0.151412960861777,0.288043600136883,0.166064442615671,0.295989748263265,0.127435498169604,0.286311441046481,0,0.00130645774337929,0.0229597587799897,0,5,5,0,0
G6_P5_case62.mat,9,0.20697226516272,1,0.170727628774637,0.275994578665976,0.147968059746071,0.309726909700344,0.0145833333333333,0.00590369844591854,-0.00844092305553719,0,5,5,0,0
G6_P5_case62.mat,10,0.143795787042638,0.282358963467908,0.164382559224346,0.284548021627994,0.127436319831318,0.284533994635768,0,0.000728071935492392,0.00601770349088078,0,5,5,0,0
G6_P5_case62.mat,11,0.143056688285297,0.170517994291364,0.164773859635379,0.285362067378495,0.127550028404473,0.285015769265723,0,0.000358702111278652,-0.000609355122054925,0,5,5,0,0
G6_P5_case62.mat,12,0.142615838430916,0.170235030750141,0.164037221546625,0.284328633430199,0.127030817443612,0.283797899936975,0,0.000564579737014059,0.00178047389924277,0,5,5,0,0
G6_P5_case62.mat,13,0.142957734784201,0.201565856637547,0.163318448434354,0.282554550754749,0.126533453478961,0.282598687984022,0,0.00118869392597263,-0.00833590094414556,0,5,5,0,0
G6_P5_case62.mat,14,0.152747107507603,0.385150670528239,0.162575533290875,0.281937495062009,0.126297185909599,0.281721860825989,0.00208333333333333,0.0031344610768587,-0.00288289262335764,0,5,5,0,0
G6_P5_case62.mat,15,0.18158973584819,1,0.157904476038228,0.275724536352469,0.121560162379806,0.272520603925644,0.00416666666666667,0.00446573165593174,0.0559055090663839,0,5,5,0,0
G6_P5_case62.mat,16,0.13993017143589,0.174100953652099,0.160687565416261,0.278598149927591,0.124350771252337,0.277922774690135,0,0.000665933383354676,0.00695819376756504,0,5,5,0,0
G6_P5_case62.mat,17,0.139905430356064,0.182896641207055,0.160734719249493,0.278059456014656,0.124827415335232,0.27844640424682,0,0.000736373644694364,-0.0161145616773429,0,5,5,0,0
G6_P5_case62.mat,18,0.140037667868777,0.2412519185554,0.16026473956022,0.275046919126082,0.124367180251541,0.277515611152782,0,0.000908041096001119,-0.0239173987233892,0,5,5,0,0
G6_P5_case62.mat,19,0.222591619008424,0.574703895616393,0.161790613181628,0.278618095372784,0.119180262817814,0.271989755371449,0.025,0.00636431130168665,-0.190307411071624,0,5,5,0,0
G7_P5_case72.mat,1,0.547463815804529,0.637540207794331,0.630698177702773,1.09202983369022,0.489597444179947,1.09251851537282,0,0.00435638877595192,-0.0105214974112526,0,4,4,0,0
G7_P5_case72.mat,2,0.545803315155418,0.562085209286376,0.629910185853969,1.090434505216,0.487688683535397,1.08961348998534,0,0.00107995937072081,0.0022334274284843,0,4,4,0,0
G7_P5_case72.mat,3,0.546294470669355,0.56157409174541,0.630311563864328,1.09141216185755,0.487917927426528,1.09023664519405,0,0.00100076792782379,0.000482349462839424,0,4,4,0,0
G7_P5_case72.mat,4,0.546614529445823,0.571657582660102,0.630772252912222,1.09203009026415,0.488446964022059,1.09120657725139,0,0.0010100703693182,-0.000978830009631464,0,4,4,0,0
G7_P5_case72.mat,5,0.547408001631339,0.560752606890678,0.631066779307475,1.09361504078694,0.48824489971379,1.09131146940805,0,0.000854774352402425,0.0006624476512429,0,4,4,0,0
G7_P5_case72.mat,6,0.547747451183486,0.567831232894132,0.632306520247051,1.09428665701071,0.489842248163493,1.09406601355985,0,0.000853798527421412,0.000512724147340562,0,4,4,0,0
G7_P5_case72.mat,7,0.540984642476821,0.61654566131692,0.620341949429013,1.07965464901414,0.481838583275087,1.07484796549827,0,0.00305612303213441,-0.00399904832976504,0,4,4,0,0
G7_P5_case72.mat,8,0.556614118249551,1,0.642011108884353,1.10642804493618,0.499851116497464,1.11345069144521,0,0.00483482767223565,0.00715449289112063,0,4,4,0,0
G7_P5_case72.mat,9,0.547290829502784,0.554513760247872,0.631413780400425,1.09343310060569,0.488815674238768,1.09219907555162,0,0.000109802187798471,7.72677476880831e-05,0,4,4,0,0
G7_P5_case72.mat,10,0.547534470712865,0.558296135174329,0.631647294872552,1.09388886892448,0.488958665623512,1.0925586986286,0,0.000992933539349618,-0.00312167901809408,0,4,4,0,0
G7_P5_case72.mat,11,0.548569010643495,0.56513898721679,0.632858200541988,1.09593048549081,0.489895514094038,1.09465067573354,0,0.00128569841951688,0.000699330410062717,0,4,4,0,0
G7_P5_case72.mat,12,0.549033330600572,0.616466750572683,0.632252118631031,1.09547394580622,0.489024430564297,1.09322916031102,0,0.00661751709336205,0.00418455078590502,0,4,4,0,0
G7_P5_case72.mat,13,0.559760911114106,0.889557391868533,0.621098655973136,1.0691487635878,0.48538717893311,1.07851045327087,0.00208333333333333,0.00983528429673507,0.00129385400202312,0,4,4,0,0
G7_P5_case72.mat,14,0.543214928697623,1,0.537783483680797,0.982642454528495,0.378993006883831,0.888569764729808,0.00208333333333333,0.00762419854930674,0.00863272300718197,0,4,4,0,0
G7_P5_case72.mat,15,0.548182002191637,0.566136263587838,0.632583733770076,1.09518433880114,0.489874001939055,1.09437433510598,0,0.000961263416090237,2.96639403998081e-05,0,4,4,0,0
G7_P5_case72.mat,16,0.548128128412789,0.564816376823612,0.632491035486167,1.09506147888065,0.489683167377689,1.0940740930753,0,0.0010729631202657,0.000797265670032025,0,4,4,0,0
G7_P5_case72.mat,17,0.5495172697289,0.846112980842364,0.634535714711873,1.09379808074989,0.491838184165467,1.09785046150644,0,0.0043976336233436,-3.42029481142307e-05,0,4,4,0,0
G7_P5_case72.mat,18,0.554873951335508,0.67908600252439,0.636883220559463,1.10320715840046,0.492361785951131,1.10103763233076,0,0.0070246215693928,0.00173050978698654,0,4,4,0,0
G8_P5_case82.mat,1,0.193199388040013,0.436171076840707,0.123274482517158,0.269738630812464,0.0780258700039625,0.194949509742003,0.0104166666666667,0.00280674466575629,0.00278744589956062,0,3,5,0,0
G8_P5_case82.mat,2,0.177548638516346,0.499710799780923,0.133252304754068,0.246158197612527,0.100623137416351,0.228218814488896,0.0291666666666667,0.00440264943525968,-5.3557237248862e-05,0,3,5,0,0
G8_P5_case82.mat,3,0.14248020669471,0.325136176961055,0.144934749949612,0.253884307771501,0.110016217386295,0.248291713594271,0.0104166666666667,0.0020452413318518,-0.143654444587594,0,3,5,0,0
G8_P5_case82.mat,4,0.131820774941395,0.187941410410254,0.151452108684553,0.26061688545825,0.117871320749517,0.262565595853676,0,0.000893233322100881,0.0211152795915007,0,3,5,0,0
G8_P5_case82.mat,5,0.127188126983829,0.165027683515784,0.146306650143021,0.252559908455497,0.113217569636858,0.253010589951697,0,0.000766356333342989,-0.00796557212659818,0,3,5,0,0
G8_P5_case82.mat,6,0.130088066860882,0.172768099514049,0.149104850925951,0.257909894370301,0.115691744522887,0.258168966161217,0,0.000707713735182936,0.0104033709312764,0,3,5,0,0
G8_P5_case82.mat,7,0.128249340052349,0.163316065199422,0.147179324879761,0.2548285890811,0.11414041761638,0.254777114654341,0,0.000555418013686771,-0.0265473545611788,0,3,5,0,0
G8_P5_case82.mat,8,0.150615119305633,0.301126059891586,0.15567443479084,0.287334545199551,0.117055145765801,0.26617257597949,0,0.00176090778914883,-0.0905959037764249,0,3,5,0,0
G8_P5_case82.mat,9,0.19085863646746,1,0.140087833539516,0.232941302281308,0.122998293963314,0.256520935309229,0.0229166666666667,0.00541633412776688,-0.0187482800643954,0,3,5,0,0
G8_P5_case82.mat,10,0.128368655797005,0.172258350722426,0.147197117067599,0.254947523223538,0.114273099391726,0.255032878578952,0,0.000392106615008284,0.0324659948307735,0,3,5,0,0
G8_P5_case82.mat,11,0.126844046768382,0.166775618294069,0.145586900382981,0.252246654971943,0.113028510775064,0.252174364421881,0,0.000486234453751606,0.00344276204182423,0,3,5,0,0
G8_P5_case82.mat,12,0.127738112563846,0.180890226561813,0.146289282890512,0.25206818909976,0.113665439391942,0.253383796570731,0,0.00105086360537037,-0.00555060705366293,0,3,5,0,0
G8_P5_case82.mat,13,0.128715661864866,0.316211241952755,0.144914166859978,0.246301187078783,0.112453243991933,0.250860306798083,0.00416666666666667,0.0012933163373721,-0.0399818880494323,0,3,5,0,0
G8_P5_case82.mat,14,0.185758367627973,0.464944890292944,0.139996248682339,0.245870476769575,0.107903638734167,0.242018156476847,0.05625,0.0082958155988246,0.143401993151332,0,3,5,0,0
G8_P5_case82.mat,15,0.176442256698208,1,0.151433967635395,0.259062500116397,0.117334266867755,0.261614260601836,0.0125,0.00468774266083996,-0.0662892583165806,0,3,5,0,0
G8_P5_case82.mat,16,0.125061580154924,0.182127794808676,0.144005492460228,0.248224878354362,0.111531058491956,0.249069202256206,0,0.000688339248515864,-0.0072732000392125,0,3,5,0,0
G8_P5_case82.mat,17,0.125097394626646,0.235980805594233,0.142348941070526,0.245650688453896,0.110740133887198,0.246767273932388,0,0.00108311765003229,0.00507805066009441,0,3,5,0,0
G8_P5_case82.mat,18,0.191973257343045,0.730740152938035,0.136948063301609,0.221425138970498,0.111400347305743,0.241195838774203,0.0114583333333333,0.0036108687967546,-0.0221459833899974,0,3,5,0,0
G8_P5_case82.mat,19,0.281470408058255,0.908475806868777,0.159044217067436,0.272280090288033,0.130769048631454,0.282902695729345,0.0302083333333333,0.00979948819037979,0.354234747160219,9,3,5,0,0
G9_P5_case92.mat,1,0.410920303477265,0.678687369393012,0.473726740247988,0.805179506742091,0.374267553699401,0.825766757336806,0,0.00326334413073854,-0.000980812090460415,0,2,4,0,0
G9_P5_case92.mat,2,0.402146824436698,0.531015452106349,0.461479090180495,0.795294702330605,0.359514678482541,0.800137476029196,0,0.00368484954755966,0.00801665130292334,0,2,4,0,0
G9_P5_case92.mat,3,0.406765201675725,0.500347652297868,0.467564852600466,0.808376453079351,0.361822331359243,0.808516735897212,0,0.00249647117941909,0.000789394873558209,0,2,4,0,0
G9_P5_case92.mat,4,0.403729476865265,0.423397751864637,0.465373041198541,0.806465852820938,0.360322875086684,0.80506085728697,0,0.000922072661830293,-0.0052696462483272,0,2,4,0,0
G9_P5_case92.mat,5,0.404249278531021,0.43340154988294,0.466405249319064,0.807398683404274,0.360970355982362,0.806646190595608,0,0.0010601678834936,0.00594515750131212,0,2,4,0,0
G9_P5_case92.mat,6,0.404026069049202,0.427428742100903,0.466043712950251,0.807050672357559,0.360839577697866,0.806188757170149,0,0.000994659778486974,0.00902876134592877,0,2,4,0,0
G9_P5_case92.mat,7,0.404594150114215,0.431842245773573,0.466854156920257,0.808133320087857,0.361417893965272,0.807520510093935,0,0.00116436009291848,-0.00135224119287265,0,2,4,0,0
G9_P5_case92.mat,8,0.397352214045518,0.469724895122289,0.463433088395471,0.792870700581755,0.359885566443905,0.802475864334495,0,0.00197338772391176,0.00868641290981187,0,2,4,0,0
G9_P5_case92.mat,9,0.415178473885926,0.548532432407704,0.476019697008428,0.825325133715598,0.362667871368143,0.816652346884561,0,0.00245792794632959,0.000804142668346336,0,2,4,0,0
G9_P5_case92.mat,10,0.40410675395148,0.419727891900328,0.466323929330725,0.807350863779539,0.361126851086219,0.806754063816543,0,0.000313328834762603,-0.00207344884978883,0,2,4,0,0
G9_P5_case92.mat,11,0.406152045312202,0.443381856881672,0.468628171711303,0.811298511766325,0.362440512071789,0.810227749485614,0,0.00106748389883515,-0.000134610849855708,0,2,4,0,0
G9_P5_case92.mat,12,0.404643915422846,0.420787455628052,0.466604567501624,0.80836527716343,0.361061202728692,0.806959441908091,0,0.000910492954244939,-0.0019468838167052,0,2,4,0,0
G9_P5_case92.mat,13,0.403595823765538,0.46538619824029,0.46629260869048,0.805828339808714,0.361383494668801,0.806985366544579,0,0.00187723365649842,0.00386949148095083,0,2,4,0,0
G9_P5_case92.mat,14,0.417952276958352,0.591163587368443,0.469287810437597,0.82196969945593,0.362734107698622,0.81131111521877,0,0.0112517638502894,-0.000886886046742215,0,2,4,0,0
G9_P5_case92.mat,15,0.437883909957899,1,0.431733595311635,0.758622033383041,0.331012747691645,0.743173154812591,0.00833333333333333,0.0150092719696665,-0.0491861101261524,0,2,4,0,0
G9_P5_case92.mat,16,0.405119364449874,0.41633257270622,0.467337591934481,0.809364418290012,0.361478884664346,0.808049296919158,0,0.000628909675030881,-0.00090190493400785,0,2,4,0,0
G9_P5_case92.mat,17,0.404839800494859,0.443484176296952,0.467167154502936,0.808683887026865,0.361652006279585,0.808065812914508,0,0.00138856493197596,0.000565437967999936,0,2,4,0,0
G9_P5_case92.mat,18,0.404925202612227,0.463799647005716,0.467083249051396,0.808512461444009,0.361343624397517,0.807693258239505,0,0.00141305891859584,-0.00202270986297883,0,2,4,0,0
G9_P5_case92.mat,19,0.420112071333579,0.737366155556423,0.468534704612212,0.814784263890637,0.365065930539887,0.813537183995485,0,0.00648402755180583,-0.065183442037802,0,2,4,0,0
