file,segment,rms_acc,peak_acc,rms_vel,peak_vel,inc_deg,inc_loc,damp,damp_loc
G0_P5_case_perfect.mat,1,0.188105495937964,0.645079117406391,0.0343671613810675,0.0809796320432315,0,0,0,0
G0_P5_case_perfect.mat,2,0.163366392403319,0.523699867164848,0.0387240021910596,0.0823994416523749,0,0,0,0
G0_P5_case_perfect.mat,3,0.0862634368085503,0.330847049241777,0.0493144223609807,0.0857299013933625,0,0,0,0
G0_P5_case_perfect.mat,4,0.047640107834344,0.113682530975933,0.0464707789366816,0.0812548325986303,0,0,0,0
G0_P5_case_perfect.mat,5,0.0487545718713812,0.118028409441756,0.0514964221416296,0.0885835052338475,0,0,0,0
G0_P5_case_perfect.mat,6,0.0468381620819486,0.0867556526392811,0.0498531820894702,0.0845591885238191,0,0,0,0
G0_P5_case_perfect.mat,7,0.045756032061053,0.0964980911987821,0.0481102448442238,0.0821278921308619,0,0,0,0
G0_P5_case_perfect.mat,8,0.0705244850187715,0.226431018294445,0.0513216965424348,0.107903515504066,0,0,0,0
G0_P5_case_perfect.mat,9,0.169970539827999,0.886786660999441,0.0617178425498984,0.0873545562183665,0,0,0,0
G0_P5_case_perfect.mat,10,0.0672906789367917,0.315133353678886,0.0404657939436798,0.0728481108942216,0,0,0,0
G0_P5_case_perfect.mat,11,0.0429132848528414,0.146891523047019,0.0453261993370095,0.078537432564377,0,0,0,0
G0_P5_case_perfect.mat,12,0.0527681809279717,0.134847592945678,0.0442662533921512,0.0770751002447408,0,0,0,0
G0_P5_case_perfect.mat,13,0.124345211343362,0.442406203769701,0.0451049741802902,0.0800484019699312,0,0,0,0
G0_P5_case_perfect.mat,14,0.236967510859878,0.627847172718307,0.0414402165939051,0.0716147285776414,0,0,0,0
G0_P5_case_perfect.mat,15,0.0737680270420711,0.443475011243019,0.0447917823345345,0.0745776285775801,0,0,0,0
G0_P5_case_perfect.mat,16,0.0356566377017155,0.0819371118291869,0.0389535620860361,0.0669655488600426,0,0,0,0
G0_P5_case_perfect.mat,17,0.040400218551017,0.119620638768213,0.0387357149385614,0.0661777794175634,0,0,0,0
G0_P5_case_perfect.mat,18,0.0582226234290853,0.307859831058083,0.0382764873598537,0.0648634800107347,0,0,0,0
G0_P5_case_perfect.mat,19,0.335360817751981,1,0.0327528125507768,0.0576560062616491,0,0,0,0
G1_P5_case12.mat,1,0.161502799695127,0.44950997616902,0.125444304833589,0.187767619935572,1,4,0,0
G1_P5_case12.mat,2,0.119570869088162,0.291779858030794,0.117423589301228,0.195177490103265,1,4,0,0
G1_P5_case12.mat,3,0.098151494676588,0.196686690809367,0.108967323827832,0.188333052171004,1,4,0,0
G1_P5_case12.mat,4,0.0957603419735407,0.135040643652289,0.109016087335668,0.189439678319962,1,4,0,0
G1_P5_case12.mat,5,0.0959132560818308,0.148500081713755,0.110230889407529,0.190050762410624,1,4,0,0
G1_P5_case12.mat,6,0.0960471524565008,0.129844595091597,0.109809447937011,0.190127181134101,1,4,0,0
G1_P5_case12.mat,7,0.0955290055688781,0.136927167415527,0.108833629648813,0.188536371901245,1,4,0,0
G1_P5_case12.mat,8,0.0879962395138953,0.268768940041904,0.0951409623226688,0.148272471637709,1,4,0,0
G1_P5_case12.mat,9,0.175111337825433,0.765615960275167,0.145186433257351,0.2373665382279,1,4,0,0
G1_P5_case12.mat,10,0.0943238182062952,0.0989284281064806,0.108977627577878,0.188422507295066,1,4,0,0
G1_P5_case12.mat,11,0.0951815953750166,0.125364763742801,0.109048983255184,0.189081257561626,1,4,0,0
G1_P5_case12.mat,12,0.0969271847295505,0.137623298991143,0.110463623480188,0.191085088927354,1,4,0,0
G1_P5_case12.mat,13,0.104188878270177,0.194597863467466,0.11117915695514,0.193128912429168,1,4,0,0
G1_P5_case12.mat,14,0.188832983945189,1,0.111450773557011,0.188623661649168,1,4,0,0
G1_P5_case12.mat,15,0.130892165551085,0.5118177128092,0.116301777587155,0.200371806118707,1,4,0,0
G1_P5_case12.mat,16,0.0982706397088949,0.128374028284535,0.112220470138266,0.194728322664363,1,4,0,0
G1_P5_case12.mat,17,0.101568847932083,0.150420935542457,0.115670122862739,0.200818731910345,1,4,0,0
G1_P5_case12.mat,18,0.130559646237077,0.568434958900569,0.124818248957511,0.217544902455708,1,4,0,0
G1_P5_case12.mat,19,0.142217153805589,0.357907281725472,0.118544993934004,0.224158118828857,1,4,0,0
G1_P5_case13.mat,1,0.162704384964235,0.513900427284652,0.151195051603391,0.216467028233182,0,0,1,4
G1_P5_case13.mat,2,0.133733046049999,0.31745649734248,0.129290256522705,0.220581559425043,0,0,1,4
G1_P5_case13.mat,3,0.118605657049021,0.233212511303905,0.127318108003692,0.220805723021448,0,0,1,4
G1_P5_case13.mat,4,0.111169575263064,0.146777203218785,0.127666985550356,0.220177959831089,0,0,1,4
G1_P5_case13.mat,5,0.110692292085197,0.151022328567791,0.126164713774029,0.218958340553107,0,0,1,4
G1_P5_case13.mat,6,0.110986756658496,0.157609195691369,0.12695344712327,0.219946693712636,0,0,1,4
G1_P5_case13.mat,7,0.113029361622386,0.164069119576503,0.128272970652153,0.223332467790802,0,0,1,4
G1_P5_case13.mat,8,0.103611267892599,0.184655429565213,0.12185479164341,0.19220446949762,0,0,1,4
G1_P5_case13.mat,9,0.179482384104547,0.748648127822051,0.141503425793285,0.256531597635336,0,0,1,4
G1_P5_case13.mat,10,0.110003902137678,0.131408350503957,0.126379913481648,0.219524339355241,0,0,1,4
G1_P5_case13.mat,11,0.110628162536795,0.15152692262464,0.127272072478079,0.220376388602206,0,0,1,4
G1_P5_case13.mat,12,0.114568684366421,0.177111721630261,0.127581489941053,0.221541411123806,0,0,1,4
G1_P5_case13.mat,13,0.120872198816561,0.225513859340301,0.128723918140016,0.223108358982922,0,0,1,4
G1_P5_case13.mat,14,0.13861209770242,0.310666006374551,0.132908034922012,0.234250106237434,0,0,1,4
G1_P5_case13.mat,15,0.218692384452021,1,0.129136697118955,0.231561148745375,0,0,1,4
G1_P5_case13.mat,16,0.116044934289675,0.16457542002168,0.132726654751829,0.229485863591149,0,0,1,4
G1_P5_case13.mat,17,0.116956470616319,0.162284707619138,0.133888994295044,0.23171011553288,0,0,1,4
G1_P5_case13.mat,18,0.121591596542369,0.257049265205413,0.135203010132006,0.234772429138836,0,0,1,4
G1_P5_case13.mat,19,0.18088240871933,0.460727488017223,0.139990061948854,0.238526714173441,0,0,1,4
G2_P5_case22.mat,1,0.16580416583147,0.517671523776168,0.059014735813483,0.142623479711618,2,5,0,0
G2_P5_case22.mat,2,0.119171396393525,0.314433520205726,0.0824948267963293,0.148318676346655,2,5,0,0
G2_P5_case22.mat,3,0.0936436459473226,0.233357457932438,0.088125374458808,0.150750721391361,2,5,0,0
G2_P5_case22.mat,4,0.0795050302844829,0.137142798150069,0.0885025870554861,0.152866110958804,2,5,0,0
G2_P5_case22.mat,5,0.0753800615674327,0.119656511610143,0.0849715358052215,0.146351988777164,2,5,0,0
G2_P5_case22.mat,6,0.0754425509897508,0.118636465466714,0.0822920319028748,0.144032734487863,2,5,0,0
G2_P5_case22.mat,7,0.0753764011946995,0.123417167909597,0.0850546125787389,0.147650996733083,2,5,0,0
G2_P5_case22.mat,8,0.0988112209042768,0.269941468044714,0.087106477240682,0.171823140621224,2,5,0,0
G2_P5_case22.mat,9,0.192963350995108,1,0.0765554827026968,0.122057322680046,2,5,0,0
G2_P5_case22.mat,10,0.0808883951130698,0.253463753153045,0.0883730839160873,0.153390511877409,2,5,0,0
G2_P5_case22.mat,11,0.0789076424991039,0.14474409362032,0.090615620968924,0.156042485627134,2,5,0,0
G2_P5_case22.mat,12,0.0764604396157016,0.110935696546679,0.0874946164286448,0.151071505418593,2,5,0,0
G2_P5_case22.mat,13,0.0824501053246493,0.178388820668247,0.0858933129300028,0.149777591872685,2,5,0,0
G2_P5_case22.mat,14,0.114515898728457,0.616789062899289,0.0870690121406103,0.153508960560595,2,5,0,0
G2_P5_case22.mat,15,0.117264511425283,0.674154100990676,0.0811851302161472,0.140099592139753,2,5,0,0
G2_P5_case22.mat,16,0.0755050109720505,0.166270593385172,0.084146386400378,0.146035102237753,2,5,0,0
G2_P5_case22.mat,17,0.0712721755006941,0.11706380733978,0.0798329121413277,0.138664655533008,2,5,0,0
G2_P5_case22.mat,18,0.0747984349784652,0.191809456500032,0.0813701882760415,0.13815939933951,2,5,0,0
G2_P5_case22.mat,19,0.165744715377406,0.446840055009613,0.0912074795278298,0.147157745363915,2,5,0,0
G2_P5_case23.mat,1,0.14606241024026,0.52743809465157,0.0619921798345029,0.107192449658536,0,0,1,5
G2_P5_case23.mat,2,0.0941238282926026,0.277916000963894,0.0250303096060183,0.0432861359427258,0,0,1,5
G2_P5_case23.mat,3,0.0648022811217323,0.296478017200815,0.0286006891329246,0.050991953915092,0,0,1,5
G2_P5_case23.mat,4,0.029899689115455,0.0769765656320442,0.027348462440173,0.049106100448328,0,0,1,5
G2_P5_case23.mat,5,0.0313757223824486,0.108516266291696,0.0306264875972736,0.0518299290719579,0,0,1,5
G2_P5_case23.mat,6,0.0308893974338988,0.0779473869298968,0.0298540732697157,0.0524267609766933,0,0,1,5
G2_P5_case23.mat,7,0.0296661542933968,0.0631260912838603,0.0301751472941102,0.0528335007278525,0,0,1,5
G2_P5_case23.mat,8,0.037119660034732,0.128853965107516,0.0283680846395854,0.0431364494652566,0,0,1,5
G2_P5_case23.mat,9,0.130340427762652,0.932764812779716,0.0376209240798829,0.0716458413801204,0,0,1,5
G2_P5_case23.mat,10,0.127249443482978,1,0.0369970725272136,0.059071859986349,0,0,1,5
G2_P5_case23.mat,11,0.0277610315379639,0.0634511244534735,0.0294855119967361,0.051444217770742,0,0,1,5
G2_P5_case23.mat,12,0.0293496256528015,0.0874161981804411,0.0287321958377491,0.0492688138856286,0,0,1,5
G2_P5_case23.mat,13,0.0561704176927474,0.155889835567046,0.0325596000398682,0.0557104743872637,0,0,1,5
G2_P5_case23.mat,14,0.0882638703557392,0.25426035475547,0.0349074279547025,0.0590338006205357,0,0,1,5
G2_P5_case23.mat,15,0.094289401060548,0.566470304328729,0.036838844927356,0.0627886477095953,0,0,1,5
G2_P5_case23.mat,16,0.0345408066914443,0.0773512624499395,0.0368915884729927,0.0627846961195411,0,0,1,5
G2_P5_case23.mat,17,0.0368905174074088,0.0744027295329852,0.0372180338591964,0.0650790292079852,0,0,1,5
G2_P5_case23.mat,18,0.0460323059668906,0.232819766467707,0.0373820815583825,0.0664003002108254,0,0,1,5
G2_P5_case23.mat,19,0.124622945112675,0.424043338876229,0.0366539880252043,0.0558324352276804,0,0,1,5
G3_P5_case32.mat,1,0.375307550539078,0.569530370651009,0.437558303005791,0.737610386239848,3,4,0,0
G3_P5_case32.mat,2,0.371795441981284,0.454337079220209,0.429874176439846,0.739776752637884,3,4,0,0
G3_P5_case32.mat,3,0.368599322277652,0.434469143933142,0.424384450299911,0.735314431296373,3,4,0,0
G3_P5_case32.mat,4,0.368779986162705,0.385782320005056,0.425267383957092,0.736699506878125,3,4,0,0
G3_P5_case32.mat,5,0.369889459256103,0.383052538823049,0.42654995855508,0.738951243501563,3,4,0,0
G3_P5_case32.mat,6,0.369317188243535,0.384735878146739,0.426052264031366,0.73779485250555,3,4,0,0
G3_P5_case32.mat,7,0.370439720684097,0.386710664612752,0.427276840506533,0.740034076136613,3,4,0,0
G3_P5_case32.mat,8,0.36433888452096,0.410376552781713,0.42376529411311,0.727230590500541,3,4,0,0
G3_P5_case32.mat,9,0.38376243826861,0.828146141497798,0.434146970090147,0.753238049935555,3,4,0,0
G3_P5_case32.mat,10,0.369304090531333,0.386856754495511,0.425996631575792,0.737815813393423,3,4,0,0
G3_P5_case32.mat,11,0.370050907493525,0.380732070232247,0.426956416584661,0.739306207101116,3,4,0,0
G3_P5_case32.mat,12,0.369591822632702,0.398578307833568,0.426342771849121,0.7381381399221,3,4,0,0
G3_P5_case32.mat,13,0.371162821040017,0.415879922451626,0.427880088767547,0.740819697618876,3,4,0,0
G3_P5_case32.mat,14,0.373311557938475,0.45758608816617,0.427580261536177,0.743311819962685,3,4,0,0
G3_P5_case32.mat,15,0.39420692962058,1,0.390110488137196,0.681682521039964,3,4,0,0
G3_P5_case32.mat,16,0.371540967384062,0.397334690220842,0.428931827899328,0.742198345679009,3,4,0,0
G3_P5_case32.mat,17,0.371456171262213,0.386251416479616,0.42840164623388,0.742019865443125,3,4,0,0
G3_P5_case32.mat,18,0.371841180263909,0.438474401408253,0.428326912584204,0.742525571929346,3,4,0,0
G3_P5_case32.mat,19,0.377689296443463,0.542270819228958,0.430038946218563,0.745748338397336,3,4,0,0
G3_P5_case33.mat,1,0.561250061057237,0.995192934476318,0.651394012075168,1.10720040545256,0,0,1,6
G3_P5_case33.mat,2,0.554534224533114,0.632206486852573,0.640896767569336,1.10627310385348,0,0,1,6
G3_P5_case33.mat,3,0.5525310936503,0.605770641951804,0.636943841367254,1.1032062066105,0,0,1,6
G3_P5_case33.mat,4,0.552966149581978,0.571900937940279,0.637424974584766,1.10472367732257,0,0,1,6
G3_P5_case33.mat,5,0.554628963786456,0.574560817826982,0.640166931816495,1.10801959237084,0,0,1,6
G3_P5_case33.mat,6,0.555756014324074,0.63751218928338,0.640538296581118,1.10946966679013,0,0,1,6
G3_P5_case33.mat,7,0.554784196131822,0.596035288174114,0.640043367285651,1.10821314658999,0,0,1,6
G3_P5_case33.mat,8,0.550991690599955,0.596477093497828,0.638600587284246,1.10036600424224,0,0,1,6
G3_P5_case33.mat,9,0.559456673009666,0.701777228136088,0.640559876718135,1.11481685644602,0,0,1,6
G3_P5_case33.mat,10,0.566805719172142,1,0.613925813764093,1.0758665377206,0,0,1,6
G3_P5_case33.mat,11,0.552745123044638,0.568107137533103,0.637960245602689,1.1043141255869,0,0,1,6
G3_P5_case33.mat,12,0.553599361812636,0.570328136318788,0.638871003645623,1.10601061476256,0,0,1,6
G3_P5_case33.mat,13,0.554215619719539,0.585945690657556,0.639351129666755,1.10703524366668,0,0,1,6
G3_P5_case33.mat,14,0.554285354021472,0.616734794255845,0.639366796532269,1.10640505752476,0,0,1,6
G3_P5_case33.mat,15,0.555376679889414,0.624091876432021,0.640655521142145,1.10881164874609,0,0,1,6
G3_P5_case33.mat,16,0.555121552672686,0.57030426613866,0.640539957902221,1.10899753663839,0,0,1,6
G3_P5_case33.mat,17,0.555198256768825,0.572121843955845,0.640411022489725,1.10916189551036,0,0,1,6
G3_P5_case33.mat,18,0.556211062854759,0.634611736365611,0.641417533300143,1.1109415907747,0,0,1,6
G3_P5_case33.mat,19,0.559161444373859,0.724622904756918,0.643350165802444,1.11156179482877,0,0,1,6
G3_P5_case33.mat,20,0.572084673329979,0.670853687985878,0.662146717464667,1.14018854321962,0,0,1,6
G4_P5_case42.mat,1,0.132004812783965,0.366951790699496,0.0438575630021143,0.10792152582384,4,5,0,0
G4_P5_case42.mat,2,0.0939713078219979,0.257437127086346,0.059163021989279,0.105018624814534,4,5,0,0
G4_P5_case42.mat,3,0.0726931144557699,0.192620672835802,0.0668040647849495,0.112930686086512,4,5,0,0
G4_P5_case42.mat,4,0.0559204158625259,0.105407577421213,0.0614374436301138,0.105828701229129,4,5,0,0
G4_P5_case42.mat,5,0.0515500094665884,0.102779151851977,0.0550138738294824,0.0969917078428702,4,5,0,0
G4_P5_case42.mat,6,0.0536482638125403,0.0870935440073968,0.0604721018249792,0.103825723669906,4,5,0,0
G4_P5_case42.mat,7,0.0535729160857393,0.094442881489696,0.057874698603354,0.0995403724200385,4,5,0,0
G4_P5_case42.mat,8,0.076514953348617,0.191412866752051,0.0671414062680676,0.134321678063249,4,5,0,0
G4_P5_case42.mat,9,0.194526205775462,1,0.0422928816854336,0.0689426280355449,4,5,0,0
G4_P5_case42.mat,10,0.0547955853017096,0.138911133611603,0.0611643240044789,0.105973343208091,4,5,0,0
G4_P5_case42.mat,11,0.0538781830153008,0.102156836776799,0.0608565357954555,0.105274410535147,4,5,0,0
G4_P5_case42.mat,12,0.0528242802565487,0.100996979310481,0.0589978780298606,0.101921771033409,4,5,0,0
G4_P5_case42.mat,13,0.059349978500132,0.12410778915853,0.057767195020543,0.101304652452126,4,5,0,0
G4_P5_case42.mat,14,0.125112383360926,0.544884835707419,0.0532774048225164,0.0934714503858113,4,5,0,0
G4_P5_case42.mat,15,0.129186361151914,0.723618270436321,0.0557649996663926,0.0949999843505263,4,5,0,0
G4_P5_case42.mat,16,0.0477051954626103,0.0820309219262459,0.0531355012872861,0.0908621144522008,4,5,0,0
G4_P5_case42.mat,17,0.0483855485343166,0.101322733386779,0.0528067521837048,0.0918387385445234,4,5,0,0
G4_P5_case42.mat,18,0.0648246905155414,0.309062373821832,0.0524083379550844,0.0854969663568435,4,5,0,0
G4_P5_case42.mat,19,0.14062674447481,0.363269495185068,0.0640511820322074,0.0990414725605969,4,5,0,0
G4_P5_case43.mat,1,0.230133354023652,0.49828364075103,0.265647664577724,0.423517849387886,0,0,1,4
G4_P5_case43.mat,2,0.218789081016509,0.378919545810089,0.247363325839941,0.422935740789597,0,0,1,4
G4_P5_case43.mat,3,0.216395579571793,0.359617785071234,0.245939247632776,0.427025600308725,0,0,1,4
G4_P5_case43.mat,4,0.214262090469335,0.245760373574014,0.246366581198573,0.427360048847314,0,0,1,4
G4_P5_case43.mat,5,0.214220731920097,0.239816779608095,0.246390964802426,0.42760936769611,0,0,1,4
G4_P5_case43.mat,6,0.21438416877145,0.247149858216225,0.247429472883626,0.427891486508625,0,0,1,4
G4_P5_case43.mat,7,0.215321103968839,0.249166327353534,0.247806902364478,0.429752020338692,0,0,1,4
G4_P5_case43.mat,8,0.20928063746427,0.436968209013243,0.243613382470178,0.409345122279854,0,0,1,4
G4_P5_case43.mat,9,0.242186263572883,0.618901519076533,0.257681426142253,0.455100553637869,0,0,1,4
G4_P5_case43.mat,10,0.214092821851561,0.243210559291477,0.247156292987172,0.427652303256017,0,0,1,4
G4_P5_case43.mat,11,0.21300546252786,0.233521977910476,0.244996434479432,0.424911303071312,0,0,1,4
G4_P5_case43.mat,12,0.2146995014683,0.235245794460911,0.247395405504659,0.428633126944788,0,0,1,4
G4_P5_case43.mat,13,0.21664109364281,0.292256918733603,0.247936570844626,0.430061623584205,0,0,1,4
G4_P5_case43.mat,14,0.220793297479463,0.309605946402891,0.251298830785466,0.437315822857109,0,0,1,4
G4_P5_case43.mat,15,0.260521999333514,1,0.237888107450932,0.419618986484212,0,0,1,4
G4_P5_case43.mat,16,0.217241666363178,0.249571513962064,0.250277606097758,0.433420727142399,0,0,1,4
G4_P5_case43.mat,17,0.218494920196014,0.260724890039731,0.251696530566816,0.435687654287338,0,0,1,4
G4_P5_case43.mat,18,0.22002937797206,0.346447836917548,0.252214552264608,0.437098103463504,0,0,1,4
G4_P5_case43.mat,19,0.235998341949012,0.487540965203114,0.255609168475442,0.438921253016821,0,0,1,4
G4_P5_case43.mat,20,0.250701549519248,0.42696007760033,0.283976864563212,0.478278336196596,0,0,1,4
G5_P5_case52.mat,1,0.39509774468866,0.552006397010483,0.460502020411973,0.784529361922348,5,4,0,0
G5_P5_case52.mat,2,0.392268874229456,0.463990768913754,0.451742405852913,0.781881767623029,5,4,0,0
G5_P5_case52.mat,3,0.392361777387316,0.446143562425201,0.452066638606722,0.783231633040315,5,4,0,0
G5_P5_case52.mat,4,0.392163744849166,0.406292771952978,0.452790539869116,0.783472712485832,5,4,0,0
G5_P5_case52.mat,5,0.391858875958834,0.400773945824183,0.45207503183205,0.782875990210249,5,4,0,0
G5_P5_case52.mat,6,0.392992385383568,0.406046682304744,0.453544288150432,0.785126424639911,5,4,0,0
G5_P5_case52.mat,7,0.392821786625795,0.400105950220108,0.453211624403009,0.784792939164194,5,4,0,0
G5_P5_case52.mat,8,0.390658498735494,0.413485103569136,0.452129569936842,0.780290434069608,5,4,0,0
G5_P5_case52.mat,9,0.395986016821278,0.695159948101056,0.450436778291232,0.786184024068046,5,4,0,0
G5_P5_case52.mat,10,0.392600712544057,0.454515428413774,0.452665524162855,0.784201587811659,5,4,0,0
G5_P5_case52.mat,11,0.393233351373448,0.405218132190656,0.453632258554021,0.785637222018129,5,4,0,0
G5_P5_case52.mat,12,0.393243989018955,0.402229138211544,0.453661505272592,0.785639505721088,5,4,0,0
G5_P5_case52.mat,13,0.393120454784289,0.421898899385786,0.453664524936961,0.785090447299847,5,4,0,0
G5_P5_case52.mat,14,0.394039177286173,0.45026604383948,0.453503704010529,0.785802529404867,5,4,0,0
G5_P5_case52.mat,15,0.416683097484082,1,0.360892388621476,0.621398751262701,5,4,0,0
G5_P5_case52.mat,16,0.393203279411724,0.402903903663776,0.45365701047497,0.785562215751314,5,4,0,0
G5_P5_case52.mat,17,0.393426621472371,0.412215882167343,0.4538616101355,0.785969097953108,5,4,0,0
G5_P5_case52.mat,18,0.393391410929605,0.42849708853493,0.453778752653979,0.785832022483883,5,4,0,0
G5_P5_case52.mat,19,0.394460474670407,0.617263244241039,0.451910254295773,0.782368812009845,5,4,0,0
G5_P5_case53.mat,1,0.235627007866248,0.484652070857569,0.168851821696884,0.329837698776486,0,0,1,5
G5_P5_case53.mat,2,0.186262906404053,0.39249783849009,0.177243792995678,0.31528173963977,0,0,1,5
G5_P5_case53.mat,3,0.168691002274441,0.375138094290584,0.185115970610309,0.321724527819085,0,0,1,5
G5_P5_case53.mat,4,0.161124503941063,0.221183470664669,0.185026668933594,0.320035322747186,0,0,1,5
G5_P5_case53.mat,5,0.156005232598003,0.210375310263185,0.178969343314569,0.310174693375794,0,0,1,5
G5_P5_case53.mat,6,0.154504312925863,0.199976622043824,0.176476674704298,0.307064358180843,0,0,1,5
G5_P5_case53.mat,7,0.155645646115524,0.196999941494869,0.178219906812874,0.309707879112788,0,0,1,5
G5_P5_case53.mat,8,0.183529687718398,0.325835653991655,0.190275303951851,0.354446930170645,0,0,1,5
G5_P5_case53.mat,9,0.21869445578687,1,0.148549384157459,0.263548270147008,0,0,1,5
G5_P5_case53.mat,10,0.165211478575553,0.259573268091649,0.190072895743581,0.329060431448333,0,0,1,5
G5_P5_case53.mat,11,0.165268841417417,0.208230512292753,0.190117792901481,0.329301010650404,0,0,1,5
G5_P5_case53.mat,12,0.164589010785054,0.194570377882586,0.189571866528342,0.328278716143222,0,0,1,5
G5_P5_case53.mat,13,0.166068988935317,0.252039952328232,0.188278596190192,0.324079331509362,0,0,1,5
G5_P5_case53.mat,14,0.182789599703914,0.355687392690182,0.191269375920913,0.333579434340737,0,0,1,5
G5_P5_case53.mat,15,0.172775973258205,0.444790487538842,0.182130382734796,0.319344771212848,0,0,1,5
G5_P5_case53.mat,16,0.161245778998457,0.216913612733027,0.18461852883051,0.320412417307184,0,0,1,5
G5_P5_case53.mat,17,0.162583053647808,0.208913604415518,0.186739897337746,0.322967303267119,0,0,1,5
G5_P5_case53.mat,18,0.155214992332068,0.321714212063218,0.180004718581549,0.28426308355637,0,0,1,5
G5_P5_case53.mat,19,0.222149985836639,0.583637225658639,0.210966152007152,0.333464964085604,0,0,1,5
G6_P5_case62.mat,1,0.172864574637038,0.374060245790875,0.138209097979084,0.281294621863684,5,5,0,0
G6_P5_case62.mat,2,0.176394140695815,0.409259907057108,0.167700119314165,0.290314030683332,5,5,0,0
G6_P5_case62.mat,3,0.158313125696261,0.353284319849627,0.168599341096993,0.29100841565497,5,5,0,0
G6_P5_case62.mat,4,0.142287634018839,0.174218688799551,0.1617835299461,0.282993853271992,5,5,0,0
G6_P5_case62.mat,5,0.143890977236913,0.180394085566224,0.165367006415954,0.28593844857866,5,5,0,0
G6_P5_case62.mat,6,0.14503316853568,0.196956945097365,0.166602776090159,0.288476710787344,5,5,0,0
G6_P5_case62.mat,7,0.14281278081758,0.167713179224831,0.164620371895223,0.284567579068414,5,5,0,0
G6_P5_case62.mat,8,0.151412960861777,0.288043600136883,0.166064442615671,0.295989748263265,5,5,0,0
G6_P5_case62.mat,9,0.20697226516272,1,0.170727628774637,0.275994578665976,5,5,0,0
G6_P5_case62.mat,10,0.143795787042638,0.282358963467908,0.164382559224346,0.284548021627994,5,5,0,0
G6_P5_case62.mat,11,0.143056688285297,0.170517994291364,0.164773859635379,0.285362067378495,5,5,0,0
G6_P5_case62.mat,12,0.142615838430916,0.170235030750141,0.164037221546625,0.284328633430199,5,5,0,0
G6_P5_case62.mat,13,0.142957734784201,0.201565856637547,0.163318448434354,0.282554550754749,5,5,0,0
G6_P5_case62.mat,14,0.152747107507603,0.385150670528239,0.162575533290875,0.281937495062009,5,5,0,0
G6_P5_case62.mat,15,0.18158973584819,1,0.157904476038228,0.275724536352469,5,5,0,0
G6_P5_case62.mat,16,0.13993017143589,0.174100953652099,0.160687565416261,0.278598149927591,5,5,0,0
G6_P5_case62.mat,17,0.139905430356064,0.182896641207055,0.160734719249493,0.278059456014656,5,5,0,0
G6_P5_case62.mat,18,0.140037667868777,0.2412519185554,0.16026473956022,0.275046919126082,5,5,0,0
G6_P5_case62.mat,19,0.222591619008424,0.574703895616393,0.161790613181628,0.278618095372784,5,5,0,0
G6_P5_case63.mat,1,0.227272471635555,1,0.0474020905551507,0.102659299688721,0,0,1,6
G6_P5_case63.mat,2,0.13914157988264,0.419559998012591,0.0114719955593891,0.0207205390593607,0,0,1,6
G6_P5_case63.mat,3,0.0665497007177695,0.20398148968672,0.0151334957106772,0.0255351305028282,0,0,1,6
G6_P5_case63.mat,4,0.0219150522417371,0.0516431953486228,0.0162936583894008,0.027810286430996,0,0,1,6
G6_P5_case63.mat,5,0.0190531545810032,0.0634616286930404,0.0129897898801054,0.0227834308077871,0,0,1,6
G6_P5_case63.mat,6,0.0177372344410239,0.0538362235199947,0.0115415767847291,0.0197791819294451,0,0,1,6
G6_P5_case63.mat,7,0.016254909275442,0.0450966261395324,0.00711320320760192,0.0138798542439897,0,0,1,6
G6_P5_case63.mat,8,0.0518586677944586,0.177603685338467,0.0206785793714645,0.0572843523695344,0,0,1,6
G6_P5_case63.mat,9,0.148486034495256,0.740614219606135,0.0276813820864335,0.0559275133640564,0,0,1,6
G6_P5_case63.mat,10,0.135360320402945,0.919601402648174,0.0240849100294886,0.0323200243612369,0,0,1,6
G6_P5_case63.mat,11,0.0157132725289197,0.0531482999454078,0.00858544184182814,0.0137619358304879,0,0,1,6
G6_P5_case63.mat,12,0.0202220041545576,0.058459857632336,0.00583434251199993,0.0127830833589529,0,0,1,6
G6_P5_case63.mat,13,0.0631346270851056,0.262577191052256,0.00791601970347162,0.0153408664244114,0,0,1,6
G6_P5_case63.mat,14,0.196239127474859,0.609750467669078,0.00372328933045582,0.00912349409028817,0,0,1,6
G6_P5_case63.mat,15,0.0730989704391657,0.381372183778041,0.00356562583235068,0.00869808216413214,0,0,1,6
G6_P5_case63.mat,16,0.0125184710771779,0.0468828974077296,0.00523848131708157,0.00893550305004111,0,0,1,6
G6_P5_case63.mat,17,0.0276977418327941,0.109844002882021,0.00390875782900808,0.00932245150144363,0,0,1,6
G6_P5_case63.mat,18,0.135503497587182,0.796759700352477,0.0091107654827697,0.0447860588037835,0,0,1,6
G6_P5_case63.mat,19,0.306005342851847,1,0.0353463663828991,0.0583393647452785,0,0,1,6
G7_P5_case72.mat,1,0.547463815804529,0.637540207794331,0.630698177702773,1.09202983369022,4,4,0,0
G7_P5_case72.mat,2,0.545803315155418,0.562085209286376,0.629910185853969,1.090434505216,4,4,0,0
G7_P5_case72.mat,3,0.546294470669355,0.56157409174541,0.630311563864328,1.09141216185755,4,4,0,0
G7_P5_case72.mat,4,0.546614529445823,0.571657582660102,0.630772252912222,1.09203009026415,4,4,0,0
G7_P5_case72.mat,5,0.547408001631339,0.560752606890678,0.631066779307475,1.09361504078694,4,4,0,0
G7_P5_case72.mat,6,0.547747451183486,0.567831232894132,0.632306520247051,1.09428665701071,4,4,0,0
G7_P5_case72.mat,7,0.540984642476821,0.61654566131692,0.620341949429013,1.07965464901414,4,4,0,0
G7_P5_case72.mat,8,0.556614118249551,1,0.642011108884353,1.10642804493618,4,4,0,0
G7_P5_case72.mat,9,0.547290829502784,0.554513760247872,0.631413780400425,1.09343310060569,4,4,0,0
G7_P5_case72.mat,10,0.547534470712865,0.558296135174329,0.631647294872552,1.09388886892448,4,4,0,0
G7_P5_case72.mat,11,0.548569010643495,0.56513898721679,0.632858200541988,1.09593048549081,4,4,0,0
G7_P5_case72.mat,12,0.549033330600572,0.616466750572683,0.632252118631031,1.09547394580622,4,4,0,0
G7_P5_case72.mat,13,0.559760911114106,0.889557391868533,0.621098655973136,1.0691487635878,4,4,0,0
G7_P5_case72.mat,14,0.543214928697623,1,0.537783483680797,0.982642454528495,4,4,0,0
G7_P5_case72.mat,15,0.548182002191637,0.566136263587838,0.632583733770076,1.09518433880114,4,4,0,0
G7_P5_case72.mat,16,0.548128128412789,0.564816376823612,0.632491035486167,1.09506147888065,4,4,0,0
G7_P5_case72.mat,17,0.5495172697289,0.846112980842364,0.634535714711873,1.09379808074989,4,4,0,0
G7_P5_case72.mat,18,0.554873951335508,0.67908600252439,0.636883220559463,1.10320715840046,4,4,0,0
G7_P5_case73.mat,1,0.151256811533317,0.374440739362742,0.147990041918182,0.197143433201444,0,0,1,4
G7_P5_case73.mat,2,0.154054299407331,0.347535269124469,0.12818332291586,0.213013996848233,0,0,1,4
G7_P5_case73.mat,3,0.11461255631898,0.283733183202567,0.111834111414787,0.195737238671303,0,0,1,4
G7_P5_case73.mat,4,0.0987654549526115,0.138659932543471,0.112900517712981,0.195378341527363,0,0,1,4
G7_P5_case73.mat,5,0.0997013931664621,0.142353584438138,0.114257659875293,0.197470220281526,0,0,1,4
G7_P5_case73.mat,6,0.10103337274675,0.152206476914967,0.11405438727775,0.199252944944135,0,0,1,4
G7_P5_case73.mat,7,0.103280013989559,0.136931914394937,0.118447494516816,0.204924932250693,0,0,1,4
G7_P5_case73.mat,8,0.0965526470116542,0.191523697982442,0.109753959776213,0.175016515773962,0,0,1,4
G7_P5_case73.mat,9,0.16897472182825,1,0.114992893136589,0.218492191344659,0,0,1,4
G7_P5_case73.mat,10,0.100284038168507,0.154383969465185,0.114664539780502,0.198584693461605,0,0,1,4
G7_P5_case73.mat,11,0.099311489774275,0.138727541724179,0.114119429155965,0.197442439342167,0,0,1,4
G7_P5_case73.mat,12,0.10133924927056,0.140520470913263,0.116129269387563,0.200556201031016,0,0,1,4
G7_P5_case73.mat,13,0.103802208564433,0.167424216005194,0.116258067505631,0.201548197702588,0,0,1,4
G7_P5_case73.mat,14,0.118913909356954,0.23738346044497,0.118083854319287,0.205781870169011,0,0,1,4
G7_P5_case73.mat,15,0.186798029142404,1,0.108368797526069,0.192996579104151,0,0,1,4
G7_P5_case73.mat,16,0.101707673386459,0.132734614335994,0.116419347846666,0.202157435642781,0,0,1,4
G7_P5_case73.mat,17,0.104235849142138,0.176655501730841,0.118193982063566,0.204703920462284,0,0,1,4
G7_P5_case73.mat,18,0.10719617005927,0.241061210897159,0.117971640552526,0.204951198769039,0,0,1,4
G7_P5_case73.mat,19,0.202013772824159,0.770002752000574,0.122570109793835,0.211952199325154,0,0,1,4
G7_P5_case73.mat,20,0.191494536450464,0.446595143117908,0.138900929756092,0.231871691044018,0,0,1,4
G8_P5_case82.mat,1,0.193199388040013,0.436171076840707,0.123274482517158,0.269738630812464,3,5,0,0
G8_P5_case82.mat,2,0.177548638516346,0.499710799780923,0.133252304754068,0.246158197612527,3,5,0,0
G8_P5_case82.mat,3,0.14248020669471,0.325136176961055,0.144934749949612,0.253884307771501,3,5,0,0
G8_P5_case82.mat,4,0.131820774941395,0.187941410410254,0.151452108684553,0.26061688545825,3,5,0,0
G8_P5_case82.mat,5,0.127188126983829,0.165027683515784,0.146306650143021,0.252559908455497,3,5,0,0
G8_P5_case82.mat,6,0.130088066860882,0.172768099514049,0.149104850925951,0.257909894370301,3,5,0,0
G8_P5_case82.mat,7,0.128249340052349,0.163316065199422,0.147179324879761,0.2548285890811,3,5,0,0
G8_P5_case82.mat,8,0.150615119305633,0.301126059891586,0.15567443479084,0.287334545199551,3,5,0,0
G8_P5_case82.mat,9,0.19085863646746,1,0.140087833539516,0.232941302281308,3,5,0,0
G8_P5_case82.mat,10,0.128368655797005,0.172258350722426,0.147197117067599,0.254947523223538,3,5,0,0
G8_P5_case82.mat,11,0.126844046768382,0.166775618294069,0.145586900382981,0.252246654971943,3,5,0,0
G8_P5_case82.mat,12,0.127738112563846,0.180890226561813,0.146289282890512,0.25206818909976,3,5,0,0
G8_P5_case82.mat,13,0.128715661864866,0.316211241952755,0.144914166859978,0.246301187078783,3,5,0,0
G8_P5_case82.mat,14,0.185758367627973,0.464944890292944,0.139996248682339,0.245870476769575,3,5,0,0
G8_P5_case82.mat,15,0.176442256698208,1,0.151433967635395,0.259062500116397,3,5,0,0
G8_P5_case82.mat,16,0.125061580154924,0.182127794808676,0.144005492460228,0.248224878354362,3,5,0,0
G8_P5_case82.mat,17,0.125097394626646,0.235980805594233,0.142348941070526,0.245650688453896,3,5,0,0
G8_P5_case82.mat,18,0.191973257343045,0.730740152938035,0.136948063301609,0.221425138970498,3,5,0,0
G8_P5_case82.mat,19,0.281470408058255,0.908475806868777,0.159044217067436,0.272280090288033,3,5,0,0
G8_P5_case83.mat,1,0.19852645007231,0.457829181376175,0.050494562114611,0.141632230311292,0,0,1,5
G8_P5_case83.mat,2,0.191343078758668,0.532485024173126,0.0828920263796523,0.151232357614226,0,0,1,5
G8_P5_case83.mat,3,0.125266727779516,0.44014736391397,0.0854155121037559,0.145722439949524,0,0,1,5
G8_P5_case83.mat,4,0.0796099458234407,0.152506433118292,0.0885435881164202,0.152679635612259,0,0,1,5
G8_P5_case83.mat,5,0.0777307884526306,0.128773802730841,0.0873968911894657,0.15040564506764,0,0,1,5
G8_P5_case83.mat,6,0.0765233727270201,0.131161807560706,0.0851280581753083,0.146926374641369,0,0,1,5
G8_P5_case83.mat,7,0.0758273104971341,0.125139758531994,0.0854597652168368,0.146650858291454,0,0,1,5
G8_P5_case83.mat,8,0.100624887789263,0.291544169290531,0.083012730843712,0.160452359805001,0,0,1,5
G8_P5_case83.mat,9,0.180716860840771,1,0.0898889729829462,0.132879614305992,0,0,1,5
G8_P5_case83.mat,10,0.0834331309908012,0.298866347421423,0.0903596814410031,0.154778820971519,0,0,1,5
G8_P5_case83.mat,11,0.0762099217323253,0.142421113701347,0.0851226206205703,0.147180282174783,0,0,1,5
G8_P5_case83.mat,12,0.071111330254951,0.135236679178948,0.0811178129087143,0.137322142048594,0,0,1,5
G8_P5_case83.mat,13,0.0713652381711421,0.249268108712898,0.0668404780303719,0.11594331262477,0,0,1,5
G8_P5_case83.mat,14,0.15089181743201,0.503213260227435,0.0618331577700015,0.111025677309648,0,0,1,5
G8_P5_case83.mat,15,0.147888376994577,1,0.0828595167055375,0.142782578306456,0,0,1,5
G8_P5_case83.mat,16,0.0723870464334746,0.226401547674435,0.0773528749799414,0.13435780304262,0,0,1,5
G8_P5_case83.mat,17,0.0718284322995602,0.14709595056587,0.0783261333037259,0.134011688403414,0,0,1,5
G8_P5_case83.mat,18,0.0794983983898891,0.295624687734502,0.0714494179950938,0.121602713726312,0,0,1,5
G8_P5_case83.mat,19,0.321399058201693,0.98131379848967,0.0799192047559334,0.133839680197913,0,0,1,5
G9_P5_case92.mat,1,0.410920303477265,0.678687369393012,0.473726740247988,0.805179506742091,2,4,0,0
G9_P5_case92.mat,2,0.402146824436698,0.531015452106349,0.461479090180495,0.795294702330605,2,4,0,0
G9_P5_case92.mat,3,0.406765201675725,0.500347652297868,0.467564852600466,0.808376453079351,2,4,0,0
G9_P5_case92.mat,4,0.403729476865265,0.423397751864637,0.465373041198541,0.806465852820938,2,4,0,0
G9_P5_case92.mat,5,0.404249278531021,0.43340154988294,0.466405249319064,0.807398683404274,2,4,0,0
G9_P5_case92.mat,6,0.404026069049202,0.427428742100903,0.466043712950251,0.807050672357559,2,4,0,0
G9_P5_case92.mat,7,0.404594150114215,0.431842245773573,0.466854156920257,0.808133320087857,2,4,0,0
G9_P5_case92.mat,8,0.397352214045518,0.469724895122289,0.463433088395471,0.792870700581755,2,4,0,0
G9_P5_case92.mat,9,0.415178473885926,0.548532432407704,0.476019697008428,0.825325133715598,2,4,0,0
G9_P5_case92.mat,10,0.40410675395148,0.419727891900328,0.466323929330725,0.807350863779539,2,4,0,0
G9_P5_case92.mat,11,0.406152045312202,0.443381856881672,0.468628171711303,0.811298511766325,2,4,0,0
G9_P5_case92.mat,12,0.404643915422846,0.420787455628052,0.466604567501624,0.80836527716343,2,4,0,0
G9_P5_case92.mat,13,0.403595823765538,0.46538619824029,0.46629260869048,0.805828339808714,2,4,0,0
G9_P5_case92.mat,14,0.417952276958352,0.591163587368443,0.469287810437597,0.82196969945593,2,4,0,0
G9_P5_case92.mat,15,0.437883909957899,1,0.431733595311635,0.758622033383041,2,4,0,0
G9_P5_case92.mat,16,0.405119364449874,0.41633257270622,0.467337591934481,0.809364418290012,2,4,0,0
G9_P5_case92.mat,17,0.404839800494859,0.443484176296952,0.467167154502936,0.808683887026865,2,4,0,0
G9_P5_case92.mat,18,0.404925202612227,0.463799647005716,0.467083249051396,0.808512461444009,2,4,0,0
G9_P5_case92.mat,19,0.420112071333579,0.737366155556423,0.468534704612212,0.814784263890637,2,4,0,0
G9_P5_case93.mat,1,0.0601815132347826,0.2805914354602,0.0176151609151038,0.0349462928300594,0,0,1,6
G9_P5_case93.mat,2,0.0388261037376229,0.115305074685098,0.00477930341596953,0.00901185850459787,0,0,1,6
G9_P5_case93.mat,3,0.0194896784127886,0.0636397228965146,0.000585935608558854,0.00157418000859605,0,0,1,6
G9_P5_case93.mat,4,0.00513224550297348,0.0160781612737826,0.000839526923420344,0.00161199378627993,0,0,1,6
G9_P5_case93.mat,5,0.00470816796743713,0.0174051486253211,0.000707799440872307,0.00155432496014123,0,0,1,6
G9_P5_case93.mat,6,0.00438473049739888,0.0148693524524014,0.00091198285572745,0.0016453155454269,0,0,1,6
G9_P5_case93.mat,7,0.0047016762605321,0.01229025122037,0.000773457953252544,0.00153674009990493,0,0,1,6
G9_P5_case93.mat,8,0.0144417177294063,0.0503268496465394,0.00370564167775182,0.0121839288924358,0,0,1,6
G9_P5_case93.mat,9,0.220320427774129,1,0.02090654934528,0.0457553078612627,0,0,1,6
G9_P5_case93.mat,10,0.0200667488725527,0.15420792417965,0.00123580294419678,0.00222426463786333,0,0,1,6
G9_P5_case93.mat,11,0.00661848407654181,0.0336988932116031,0.000632344702161914,0.0011614750113,0,0,1,6
G9_P5_case93.mat,12,0.0100463130409797,0.0351771294670201,0.000821367084156695,0.00198413525296321,0,0,1,6
G9_P5_case93.mat,13,0.0512484369662449,0.145921220437813,0.0014663422100043,0.0044370255010485,0,0,1,6
G9_P5_case93.mat,14,0.0621062796715361,0.168098179976762,0.00236091997788687,0.00389981458884398,0,0,1,6
G9_P5_case93.mat,15,0.0134653600193871,0.0680470894300715,0.000412141713761001,0.00181010341308373,0,0,1,6
G9_P5_case93.mat,16,0.0055503747050448,0.027571947085154,0.000690946046948719,0.000992152354072839,0,0,1,6
G9_P5_case93.mat,17,0.00686388317589256,0.0286611646208379,0.000386138224131824,0.000706461854017855,0,0,1,6
G9_P5_case93.mat,18,0.0104024416198565,0.0490114891937949,0.000573645441281726,0.00220509058935433,0,0,1,6
G9_P5_case93.mat,19,0.0995666909130174,0.310609717457274,0.00508493172643603,0.0141052698588553,0,0,1,6
