file,segment,rms_acc,rms_vel,damping_ratio,peak_vel,rms_pos,amplitude,zcr,rms,dominant_freq,inc_deg,inc_loc,damp,damp_loc,freq,freq_loc
G0_P5_case_perfect.mat,1,0.179652289486955,0.0517148254873358,-0.010714960306733,0.10064435022201,0.0152610776786125,0.00169058863476728,0.02,0.179652289486955,33.2,0,0,0,0,0,0
G0_P5_case_perfect.mat,2,0.148712030559922,0.0611724779792829,0.0627441460417218,0.109138549069272,0.0523265320712711,0.00194767525910555,0.0433333333333333,0.148712030559922,32.8,0,0,0,0,0,0
G0_P5_case_perfect.mat,3,0.0510728664540249,0.0614268909684503,0.270221456685018,0.104165769309584,0.0609602757129574,0.00261856100610944,0.0283333333333333,0.0510728664540249,33.6,0,0,0,0,0,0
G0_P5_case_perfect.mat,4,0.048265191623416,0.063332503578397,-0.0206457495403441,0.109658655369418,0.0609003249278332,0.00352771577227652,0.0116666666666667,0.048265191623416,33.2,0,0,0,0,0,0
G0_P5_case_perfect.mat,5,0.0470210749539433,0.0618634758221271,-0.226057873348362,0.106570150224424,0.0605706493372545,0.00261733543165157,0.00833333333333333,0.0470210749539433,33.2,0,0,0,0,0,0
G0_P5_case_perfect.mat,6,0.0480780942269971,0.0575949685097316,0.0315230129443283,0.100016325833635,0.05611257033565,0.0018968488500559,0.0166666666666667,0.0480780942269971,32.8,0,0,0,0,0,0
G0_P5_case_perfect.mat,7,0.113431142709098,0.0999631847628228,-0.0286570817489043,0.154143046340411,0.10120217493883,0.00462555426626765,0.0208333333333333,0.113431142709098,33.6,0,0,0,0,0,0
G0_P5_case_perfect.mat,8,0.129438061797217,0.0581956841825208,0.1809559226334,0.0981033312566582,0.0617632018262769,0.00242944625903224,0.0208333333333333,0.129438061797217,33.2,0,0,0,0,0,0
G0_P5_case_perfect.mat,9,0.0421144242808571,0.0563744231156163,0.00836656058497988,0.0971657991477169,0.0547828161985083,0.000488848653446091,0.00666666666666667,0.0421144242808571,33.2,0,0,0,0,0,0
G0_P5_case_perfect.mat,10,0.0546148413180009,0.0564444530013397,0.0427875815212586,0.0969215671417109,0.0547391580411736,0.00123248646826222,0.0558333333333333,0.0546148413180009,37.6,0,0,0,0,0,0
G0_P5_case_perfect.mat,11,0.230419424755341,0.0554356717495949,0.295312450480295,0.0926998773521209,0.0558958570768232,0.00118260761466799,0.0708333333333333,0.230419424755341,38.4,0,0,0,0,0,0
G0_P5_case_perfect.mat,12,0.0865849380644871,0.0546291978748668,-0.122012896744293,0.0922999961485507,0.0527863082973601,0.00231680401259541,0.05,0.0865849380644871,33.2,0,0,0,0,0,0
G0_P5_case_perfect.mat,13,0.0359112909681353,0.0487719753037028,0.0276051907993693,0.0846989375817063,0.0475302636085391,0.00091077887788905,0,0.0359112909681353,38.8,0,0,0,0,0,0
G0_P5_case_perfect.mat,14,0.0445584482863164,0.0473194362838764,-0.0396383653013506,0.0821165777543457,0.0456835496598443,0.00075310393902175,0.03,0.0445584482863164,44.4,0,0,0,0,0,0
G0_P5_case_perfect.mat,15,0.25905703209024,0.0408768575409307,0.00860236858139267,0.0852425201489269,0.0348027603137404,0.00141173869647228,0.0283333333333333,0.25905703209024,32,0,0,0,0,0,0
G1_P5_case12.mat,1,0.15563700971736,0.147923658634659,0.157648167225346,0.240051659275413,0.161990697588223,0.00161365988202573,0.025,0.15563700971736,32.4,1,4,0,0,0,0
G1_P5_case12.mat,2,0.10973098046151,0.138260521343286,0.030512951009625,0.235980558012192,0.138300739614056,0.00115953240564811,0.0133333333333333,0.10973098046151,32,1,4,0,0,0,0
G1_P5_case12.mat,3,0.0958726817494993,0.136673822415457,-0.050435761470568,0.236335277572162,0.132961298346837,0.00108163382893051,0,0.0958726817494993,32.8,1,4,0,0,0,0
G1_P5_case12.mat,4,0.0961843491319081,0.138149741352518,-0.000952085994211387,0.238179281715081,0.134007786540928,0.00113570571654916,0,0.0961843491319081,50,1,4,0,0,0,0
G1_P5_case12.mat,5,0.0961250150478468,0.137298016507592,0.0112268343733691,0.237761711298643,0.132655817505232,0.00112580606160071,0,0.0961250150478468,33.2,1,4,0,0,0,0
G1_P5_case12.mat,6,0.0953414182279392,0.136022475474064,0.0156834914236714,0.233947958967544,0.131147000799674,0.000851318279454797,0,0.0953414182279392,33.6,1,4,0,0,0,0
G1_P5_case12.mat,7,0.158865819603876,0.128593532516704,-0.08801924188878,0.245155353169239,0.108877403328121,0.00247413968346351,0.025,0.158865819603876,32.4,1,4,0,0,0,0
G1_P5_case12.mat,8,0.0946349043514143,0.136459719469751,0.0521210465361998,0.235875925108805,0.132322087153008,0.000208640436772126,0,0.0946349043514143,31.2,1,4,0,0,0,0
G1_P5_case12.mat,9,0.0953147316539622,0.136520612149823,-0.000465466434212659,0.236936253409382,0.131956321503603,0.000706578030234238,0,0.0953147316539622,38.8,1,4,0,0,0,0
G1_P5_case12.mat,10,0.0992653884979957,0.137854104475907,0.0279864663784511,0.238505559266157,0.133593950562193,0.00033985379884392,0,0.0992653884979957,38.8,1,4,0,0,0,0
G1_P5_case12.mat,11,0.11199872613276,0.142147014063448,0.0103988493090343,0.251539226204116,0.13738214942274,0.000703349566187316,0.01,0.11199872613276,33.2,1,4,0,0,0,0
G1_P5_case12.mat,12,0.184927239361036,0.13219995986457,-0.0790718489525975,0.23540395047665,0.119343311013689,0.00164278156202625,0.0233333333333333,0.184927239361036,33.2,1,4,0,0,0,0
G1_P5_case12.mat,13,0.0990672360826792,0.140739195193119,0.000834297152512489,0.245411668088591,0.135825739576573,0.00066669333280889,0,0.0990672360826792,28.4,1,4,0,0,0,0
G1_P5_case12.mat,14,0.101788449221733,0.143984017331768,-0.000576736477462025,0.249569645248293,0.139184232780957,0.000392462549039616,0.00166666666666667,0.101788449221733,30.8,1,4,0,0,0,0
G1_P5_case12.mat,15,0.142371337989015,0.154477248748527,0.00467950808108923,0.26635107694908,0.154498571022471,0.00133685304133823,0.0233333333333333,0.142371337989015,31.2,1,4,0,0,0,0
G1_P5_case15.mat,1,0.650855580910366,0.942667917151244,0.00179860806899748,1.62056875862174,0.919000750541347,0.00138570227568974,0,0.650855580910366,32.4,4,4,0,0,30,6
G1_P5_case15.mat,2,0.648384506316708,0.935904066769095,0.00403834390303979,1.61790046769379,0.907164420059044,0.00254216812125082,0,0.648384506316708,30.4,4,4,0,0,30,6
G1_P5_case15.mat,3,0.650535983499913,0.938780998956098,-0.00619510215788019,1.62478717194461,0.90880664481228,0.00133308944841782,0,0.650535983499913,32,4,4,0,0,30,6
G1_P5_case15.mat,4,0.650638099686743,0.933496815360648,-0.00115892284709493,1.62117956145435,0.90565164074305,0.004348932601278,0,0.650638099686743,30,4,4,0,0,30,6
G1_P5_case15.mat,5,0.650124227310285,0.936984497911379,0.0189325657868586,1.61797947201593,0.908268739290803,0.00637642394369791,0,0.650124227310285,32.4,4,4,0,0,30,6
G1_P5_case15.mat,6,0.646431160278862,0.928726134765261,-0.0059362321689379,1.61053823343119,0.898733425152373,0.00575891066775673,0,0.646431160278862,30,4,4,0,0,30,6
G1_P5_case15.mat,7,0.643306317986568,0.919310152589262,-0.00138001418911663,1.60302628958317,0.888491442128461,0.0032540109777507,0,0.643306317986568,30,4,4,0,0,30,6
G1_P5_case15.mat,8,0.652992447250733,0.942536956692606,-0.00232115239558421,1.62922071135323,0.914015101296343,0.00123756533545811,0,0.652992447250733,31.2,4,4,0,0,30,6
G1_P5_case15.mat,9,0.650079533122511,0.937485459265852,-6.43733737052058e-05,1.6238166305859,0.90709732511984,0.000129048073422506,0,0.650079533122511,31.6,4,4,0,0,30,6
G1_P5_case15.mat,10,0.649905508272765,0.937745852120626,-0.00452644334430488,1.62330995856485,0.90771322814847,0.000224231382917554,0,0.649905508272765,33.2,4,4,0,0,30,6
G1_P5_case15.mat,11,0.650816463899482,0.93869551428745,0.00130655684479123,1.6250320899789,0.908773262119346,0.000175103501664003,0,0.650816463899482,38.8,4,4,0,0,30,6
G1_P5_case15.mat,12,0.650994236669907,0.875087227133693,0.00125680789916498,1.48085264293315,0.873566104789429,0.00272350571578455,0.00666666666666667,0.650994236669907,39.2,4,4,0,0,30,6
G1_P5_case15.mat,13,0.649867405341551,0.937042403071735,-0.00112814165732259,1.62322229452299,0.906707922431407,0.000364810220471746,0,0.649867405341551,32.4,4,4,0,0,30,6
G1_P5_case15.mat,14,0.650595900849155,0.938312796275092,0.00115377014999692,1.62501212475473,0.908075347212705,0.00031531028404743,0,0.650595900849155,32.4,4,4,0,0,30,6
G1_P5_case15.mat,15,0.650040197054118,0.93973367667717,0.0002705387098767,1.62163674866246,0.910578845576862,0.000558450396122855,0,0.650040197054118,33.6,4,4,0,0,30,6
G2_P5_case22.mat,1,0.156963961452319,0.0886230194763272,0.00540051839451765,0.179833934374481,0.0541859028070007,0.00196807936502202,0.0216666666666667,0.156963961452319,32.4,2,5,0,0,0,0
G2_P5_case22.mat,2,0.115553120669343,0.10588317591842,-0.0234467086269327,0.188626542521468,0.0989993416695833,0.00321552520784627,0.0416666666666667,0.115553120669343,32.8,2,5,0,0,0,0
G2_P5_case22.mat,3,0.0783393076962231,0.107494461380486,-0.0905803194487761,0.1870390485213,0.103215425730044,0.0020953714185962,0.00166666666666667,0.0783393076962231,33.2,2,5,0,0,0,0
G2_P5_case22.mat,4,0.0764518622259294,0.107647552381851,0.10830169375559,0.184772927395106,0.10517347646166,0.00344506854407956,0,0.0764518622259294,33.2,2,5,0,0,0,0
G2_P5_case22.mat,5,0.0756607188681933,0.103633966333787,0.00416806198149259,0.181887325235542,0.0992119642363764,0.00208100914559605,0.00166666666666667,0.0756607188681933,33.2,2,5,0,0,0,0
G2_P5_case22.mat,6,0.0755848327215428,0.104744064180926,-0.0155806131500621,0.176065610359659,0.101376576007821,0.00181685793107306,0.00333333333333333,0.0755848327215428,33.2,2,5,0,0,0,0
G2_P5_case22.mat,7,0.123256780994708,0.134887390515392,-0.0137410248056626,0.190612384304157,0.139993303858844,0.00244162977236337,0.0283333333333333,0.123256780994708,32.4,2,5,0,0,0,0
G2_P5_case22.mat,8,0.159065567114351,0.107676090196895,0.0114743360529051,0.188354662793246,0.103494856960682,0.00268367550374662,0.01,0.159065567114351,31.6,2,5,0,0,0,0
G2_P5_case22.mat,9,0.0784376033214443,0.112792171543483,0.00106469557510254,0.193823283169699,0.109856921934404,0.000478656743272928,0,0.0784376033214443,32,2,5,0,0,0,0
G2_P5_case22.mat,10,0.0769131599546912,0.108715083327773,0.0114722431429306,0.187744530261346,0.105830160443378,0.000893404426479796,0,0.0769131599546912,38,2,5,0,0,0,0
G2_P5_case22.mat,11,0.0927797175578741,0.108709397781628,-0.00847972109641365,0.187667214142099,0.105347805021891,0.000586295284006163,0.04,0.0927797175578741,37.6,2,5,0,0,0,0
G2_P5_case22.mat,12,0.12614366957244,0.106965267308899,-0.158122272498622,0.181689293525813,0.105845768178231,0.00292926929954248,0.0233333333333333,0.12614366957244,30.4,2,5,0,0,0,0
G2_P5_case22.mat,13,0.0746009702383952,0.10506861335683,0.0105864995490121,0.180834123636451,0.101276330719779,0.000904099484703159,0,0.0746009702383952,32.8,2,5,0,0,0,0
G2_P5_case22.mat,14,0.071988187460174,0.100039800191763,-0.00738975542000273,0.174215974740939,0.0964493829389324,0.00134022914332895,0,0.071988187460174,38.8,2,5,0,0,0,0
G2_P5_case22.mat,15,0.137129248770883,0.104063924059048,0.00522243735955131,0.190418839105668,0.0934616106652633,0.00180110145731608,0.0216666666666667,0.137129248770883,32.4,2,5,0,0,0,0
G2_P5_case25.mat,1,0.201352282570563,0.120510537330945,0.0923000339138213,0.210460324164522,0.0983292558603215,0.00306517112244861,0.0158333333333333,0.201352282570563,32.8,4,5,0,0,35,6
G2_P5_case25.mat,2,0.124843784705542,0.137340877529008,0.189881006353511,0.214316049475175,0.131880051621865,0.00814240782753118,0.0341666666666667,0.124843784705542,32.8,4,5,0,0,35,6
G2_P5_case25.mat,3,0.0637279039890027,0.0854058400792859,-0.0552183174649893,0.138046110827198,0.0871433630976966,0.00171659697138857,0.00666666666666667,0.0637279039890027,32.8,4,5,0,0,35,6
G2_P5_case25.mat,4,0.048912076331451,0.0665381916522219,-0.0126233224159021,0.112980513265875,0.0653166082444146,0.00494393531277134,0.005,0.048912076331451,32.8,4,5,0,0,35,6
G2_P5_case25.mat,5,0.0630305041873497,0.06748431053022,0.0125642182612492,0.114557794100432,0.0670802679562875,0.00639637629387814,0.0116666666666667,0.0630305041873497,32.8,4,5,0,0,35,6
G2_P5_case25.mat,6,0.0562678593925304,0.0740821656325649,0.125162551560179,0.130946886161777,0.0707499694555227,0.00537138356510482,0.00166666666666667,0.0562678593925304,32.8,4,5,0,0,35,6
G2_P5_case25.mat,7,0.155042925136491,0.0653244577838232,-0.0201536869487245,0.127213978692028,0.0644018332058199,0.00410261689009824,0.0133333333333333,0.155042925136491,32.8,4,5,0,0,35,6
G2_P5_case25.mat,8,0.0725423430897343,0.103174559783187,-0.0798602065108658,0.178750388402996,0.100097081688523,0.00168797786891026,0.00166666666666667,0.0725423430897343,34,4,5,0,0,35,6
G2_P5_case25.mat,9,0.0712309988477502,0.102114347743545,0.000288899106526518,0.176942702202269,0.0987557262832099,0.000804106395428388,0,0.0712309988477502,32.8,4,5,0,0,35,6
G2_P5_case25.mat,10,0.070600014223077,0.101619118897243,0.00448095339024986,0.175166330910857,0.0985400595363747,0.0003840968970674,0,0.070600014223077,38.8,4,5,0,0,35,6
G2_P5_case25.mat,11,0.0748871511735092,0.099375696001398,0.0109536909542994,0.169959857116217,0.0968208465668738,0.00118692729911197,0.0133333333333333,0.0748871511735092,38,4,5,0,0,35,6
G2_P5_case25.mat,12,0.161558554283028,0.103430003697034,0.00459700467015556,0.176958327612154,0.0999133229827802,0.00215072062607891,0.0133333333333333,0.161558554283028,37.6,4,5,0,0,35,6
G2_P5_case25.mat,13,0.0693433025644696,0.0948042569617621,-0.0148445784528776,0.165381451122112,0.0915477687050636,0.00100782802956538,0,0.0693433025644696,32.8,4,5,0,0,35,6
G2_P5_case25.mat,14,0.0740465557936811,0.0970820668537995,0.0264261631473188,0.168970582642486,0.0936678536327555,0.00139990846077653,0.005,0.0740465557936811,34,4,5,0,0,35,6
G2_P5_case25.mat,15,0.120660400715194,0.0992508760219083,0.0308248103487352,0.170041716117865,0.0924731186122043,0.00170262663627183,0.0216666666666667,0.120660400715194,33.2,4,5,0,0,35,6
G3_P5_case32.mat,1,0.375075499451881,0.540461047993941,0.000595943547619427,0.923914224823688,0.532065451401061,0.000718196567087602,0,0.375075499451881,33.2,3,4,0,0,0,0
G3_P5_case32.mat,2,0.370277376177056,0.533321594270235,0.0188189072364095,0.921805145783694,0.518499863372396,0.000813054554516356,0,0.370277376177056,31.6,3,4,0,0,0,0
G3_P5_case32.mat,3,0.368489297482612,0.530865033661197,-0.00076162984337401,0.920211093256725,0.513316248528743,0.000562866413387498,0,0.368489297482612,32.8,3,4,0,0,0,0
G3_P5_case32.mat,4,0.369654756625793,0.532794433589197,0.00240044606442874,0.923280654753444,0.515260157560527,0.0011398250059612,0,0.369654756625793,33.2,3,4,0,0,0,0
G3_P5_case32.mat,5,0.369616710324796,0.53285522750176,-0.00306214023781097,0.923162667036799,0.515589676156079,0.00079428718009039,0,0.369616710324796,33.2,3,4,0,0,0,0
G3_P5_case32.mat,6,0.369697403287759,0.533530459469095,-0.00316110107846238,0.923295307335832,0.51644844605865,0.000437694600595333,0,0.369697403287759,33.2,3,4,0,0,0,0
G3_P5_case32.mat,7,0.371913537554177,0.528004576399061,0.00296687406346467,0.925467803733486,0.506347568154236,0.00141433333809325,0,0.371913537554177,32.8,3,4,0,0,0,0
G3_P5_case32.mat,8,0.374707633035965,0.534726968321042,0.00332352695732846,0.924984472328853,0.517866482945474,0.000658051429859886,0.00166666666666667,0.374707633035965,31.6,3,4,0,0,0,0
G3_P5_case32.mat,9,0.369900395347386,0.533737555201246,-0.000261466740203361,0.923923869986643,0.516544488179499,0.000207929335701952,0,0.369900395347386,38,3,4,0,0,0,0
G3_P5_case32.mat,10,0.37043277908657,0.533571190665029,-0.00118403145143991,0.924807221079274,0.516167763265482,0.000304189192104145,0,0.37043277908657,40,3,4,0,0,0,0
G3_P5_case32.mat,11,0.371415734325843,0.534079857588787,-0.00679245457427933,0.924851913281689,0.516672002121003,0.000222981592091936,0,0.371415734325843,37.6,3,4,0,0,0,0
G3_P5_case32.mat,12,0.390960621404784,0.504671673576028,0.0130931782064149,0.870380044981717,0.496705536825029,0.00285039206227549,0.00833333333333333,0.390960621404784,31.2,3,4,0,0,0,0
G3_P5_case32.mat,13,0.371520668194823,0.536002824066057,-0.00131244792257624,0.927886766826613,0.51914633409038,0.00018565018806015,0,0.371520668194823,33.6,3,4,0,0,0,0
G3_P5_case32.mat,14,0.37137938193192,0.535675697139293,0.0032449202426707,0.927523270259453,0.518316330899439,0.000238452006789222,0,0.37137938193192,32.4,3,4,0,0,0,0
G3_P5_case32.mat,15,0.374764495393032,0.538492072457314,-0.000778673702428294,0.929063071723331,0.522508080407871,0.000742612185979475,0,0.374764495393032,33.2,3,4,0,0,0,0
G3_P5_case35.mat,1,0.501101541192789,0.725722906930349,-0.000589174402242256,1.24769590059367,0.709124040963531,0.000814957275160595,0,0.501101541192789,38,4,4,0,0,40,6
G3_P5_case35.mat,2,0.496235292429739,0.715996326603168,-0.00215847225649699,1.23703291089089,0.695437575431207,0.00482433794771441,0,0.496235292429739,40,4,4,0,0,40,6
G3_P5_case35.mat,3,0.49573352914818,0.712545395579949,0.00539818445402236,1.2363916463189,0.689373305192548,0.00358930495130763,0,0.49573352914818,40,4,4,0,0,40,6
G3_P5_case35.mat,4,0.49660378208062,0.708377168183246,0.000160117011979779,1.23036215151488,0.688803642215373,0.0148417539484242,0,0.49660378208062,40,4,4,0,0,40,6
G3_P5_case35.mat,5,0.500378742466132,0.717734607181877,-0.000118329293175739,1.2406015708545,0.693792578834411,0.014054963512184,0,0.500378742466132,40,4,4,0,0,40,6
G3_P5_case35.mat,6,0.494492748180842,0.713860555427523,-0.000511535653964136,1.22715947444784,0.692671554505458,0.0165041628542859,0,0.494492748180842,40,4,4,0,0,40,6
G3_P5_case35.mat,7,0.497806849719005,0.708819035463067,0.00441539908805355,1.23768347790816,0.684069534084045,0.0115159702481829,0,0.497806849719005,40,4,4,0,0,40,6
G3_P5_case35.mat,8,0.498054823061247,0.716152206789823,-0.00369449847536313,1.24164930662885,0.691345156067725,0.00135797933009293,0,0.498054823061247,38,4,4,0,0,40,6
G3_P5_case35.mat,9,0.498961885236122,0.719372372176458,0.000716287676100883,1.24626592203304,0.696088587705512,0.000834020789813551,0,0.498961885236122,38,4,4,0,0,40,6
G3_P5_case35.mat,10,0.499103522520937,0.719371571447843,-0.00126322934078326,1.24651582976905,0.696043095816753,0.0021115199399943,0,0.499103522520937,40,4,4,0,0,40,6
G3_P5_case35.mat,11,0.500267353804965,0.720067165324286,0.000445456363228868,1.24797115856179,0.69660617975829,0.00162082879838853,0,0.500267353804965,40,4,4,0,0,40,6
G3_P5_case35.mat,12,0.509528666563044,0.649970791960372,0.00195267976803783,1.11437796529191,0.652366799321765,0.00250909654484012,0.005,0.509528666563044,44.8,4,4,0,0,40,6
G3_P5_case35.mat,13,0.499616558247941,0.720462453181261,0.000656816776464513,1.24788498599761,0.697009140646139,0.000447974550543857,0,0.499616558247941,40,4,4,0,0,40,6
G3_P5_case35.mat,14,0.500082314187327,0.720768305816875,0.00245198422673306,1.24904630128438,0.697153882618305,0.000563077244669754,0,0.500082314187327,38,4,4,0,0,40,6
G3_P5_case35.mat,15,0.502995205053965,0.722064998706028,-0.0012326881997227,1.25141748061478,0.699255571943809,0.000522976223328618,0,0.502995205053965,40,4,4,0,0,40,6
G4_P5_case42.mat,1,0.124876807036757,0.0664915235267691,-0.00867458591190254,0.134840444530187,0.036412519655217,0.00197985520738951,0.0233333333333333,0.124876807036757,32.8,4,5,0,0,0,0
G4_P5_case42.mat,2,0.0913745155887619,0.0762055137569723,-0.00224720600240967,0.134529185400192,0.0703147862066882,0.00319027786119067,0.045,0.0913745155887619,32.8,4,5,0,0,0,0
G4_P5_case42.mat,3,0.0563128478562188,0.0775514192153368,-0.0360729251761968,0.133671599263427,0.0752519193498576,0.00251255689874105,0,0.0563128478562188,33.2,4,5,0,0,0,0
G4_P5_case42.mat,4,0.0523934555597284,0.0707507638879513,0.0131411901677361,0.123227764563053,0.0690079196176668,0.00136957814679974,0.00166666666666667,0.0523934555597284,33.2,4,5,0,0,0,0
G4_P5_case42.mat,5,0.0531552468637082,0.0750944596050497,-0.053201433956553,0.128317523395018,0.0732292041574693,0.00153939355399737,0,0.0531552468637082,33.2,4,5,0,0,0,0
G4_P5_case42.mat,6,0.0552504704880879,0.0734260122695865,0.0709375598714536,0.127447026471364,0.0710475205890995,0.00210650836961505,0.00333333333333333,0.0552504704880879,31.6,4,5,0,0,0,0
G4_P5_case42.mat,7,0.181673741448419,0.094653447731967,0.138868145813718,0.133257076196253,0.102257293675304,0.00556380739571048,0.025,0.181673741448419,31.2,4,5,0,0,0,0
G4_P5_case42.mat,8,0.0554359354442236,0.0761615102273942,0.38495406624038,0.132166383253961,0.0733194366122324,0.000640143653017199,0.005,0.0554359354442236,38.8,4,5,0,0,0,0
G4_P5_case42.mat,9,0.0536912541948883,0.0759463059135965,0.00693508356125135,0.130968475054075,0.0735377217851432,0.000493066937144977,0,0.0536912541948883,38,4,5,0,0,0,0
G4_P5_case42.mat,10,0.0561593313441334,0.0729479047224359,0.0342421421382294,0.125835226365582,0.070898490056656,0.00044150059842898,0.0166666666666667,0.0561593313441334,44.8,4,5,0,0,0,0
G4_P5_case42.mat,11,0.102345037415378,0.0707861795658819,0.474393028998945,0.123072608827495,0.0698815184470274,0.000681958588293631,0.0441666666666667,0.102345037415378,38.8,4,5,0,0,0,0
G4_P5_case42.mat,12,0.129364593513214,0.0730647815692268,0.138666784180242,0.122822023924698,0.0734998171076806,0.00202099662323257,0.0325,0.129364593513214,32.4,4,5,0,0,0,0
G4_P5_case42.mat,13,0.0477748307312156,0.0661173805625226,0.00791460518142737,0.113704918469731,0.0645558116314738,0.00121578448955582,0,0.0477748307312156,32,4,5,0,0,0,0
G4_P5_case42.mat,14,0.0483031078473627,0.0663712896539942,0.0213887691335943,0.114910259904683,0.0641030210558363,0.000463894214320607,0.00166666666666667,0.0483031078473627,39.2,4,5,0,0,0,0
G4_P5_case42.mat,15,0.119890273070363,0.0609668022933283,-0.0332290303683249,0.116407400719644,0.0534445274993989,0.00215077495984741,0.0266666666666667,0.119890273070363,32.4,4,5,0,0,0,0
G4_P5_case45.mat,1,0.411398034586383,0.575563607639479,0.00239063524514617,1.01481341199724,0.546931465366121,0.00189241534853657,0,0.411398034586383,44.4,4,5,0,0,45,6
G4_P5_case45.mat,2,0.410067505683514,0.584065979213977,-0.0215794353579814,1.01577079429484,0.561863976323264,0.00734206042417057,0,0.410067505683514,45.2,4,5,0,0,45,6
G4_P5_case45.mat,3,0.412992410611668,0.590854955215109,-0.0158364122529718,1.02032148729532,0.573687637557575,0.00898447055687783,0,0.412992410611668,45.2,4,5,0,0,45,6
G4_P5_case45.mat,4,0.416487277830714,0.588029001261283,0.00684913117707372,1.01514328471873,0.574031195322631,0.0169083319183945,0.00166666666666667,0.416487277830714,44.8,4,5,0,0,45,6
G4_P5_case45.mat,5,0.443275779620605,0.603726885041563,-0.0452433612280033,1.05223734442782,0.583057787878727,0.0277688749774573,0.00166666666666667,0.443275779620605,45.2,4,5,0,0,45,6
G4_P5_case45.mat,6,0.435245515007675,0.594569201264922,-0.0405165717908701,1.01724365491876,0.580332015091742,0.0311838303868464,0.00333333333333333,0.435245515007675,44.8,4,5,0,0,45,6
G4_P5_case45.mat,7,0.437226313155691,0.557549113142301,0.0538969528997925,0.976183449075569,0.521274890893495,0.0343077645308842,0.00666666666666667,0.437226313155691,44.8,4,5,0,0,45,6
G4_P5_case45.mat,8,0.40784044372212,0.58657759091005,-0.00943106077254272,1.01636599663356,0.566352906863671,0.00271916448797751,0,0.40784044372212,44.8,4,5,0,0,45,6
G4_P5_case45.mat,9,0.405854461135924,0.585482012169209,0.000920836050240599,1.01361711448467,0.566602704477274,0.000945543604129239,0,0.405854461135924,44.8,4,5,0,0,45,6
G4_P5_case45.mat,10,0.40724161805994,0.587310814848262,0.00514616497573373,1.0166419369296,0.56867297506115,0.00197582514417777,0,0.40724161805994,44.8,4,5,0,0,45,6
G4_P5_case45.mat,11,0.405609326574645,0.582220124039908,-0.00614694280990215,1.00990261160523,0.56448342449068,0.00378172130457707,0,0.405609326574645,44.4,4,5,0,0,45,6
G4_P5_case45.mat,12,0.406345952904279,0.581002164668613,0.0141149747254371,1.00583698619877,0.562658992166232,0.00123461004876378,0,0.406345952904279,44.8,4,5,0,0,45,6
G4_P5_case45.mat,13,0.402707835930444,0.580438916415389,-0.00153012576417654,1.00565725956325,0.561098766900012,0.000813983599234728,0,0.402707835930444,44.8,4,5,0,0,45,6
G4_P5_case45.mat,14,0.402553943732941,0.580174786826815,-0.00722201658686253,1.00523072502514,0.561357927137006,0.000723335641040143,0,0.402553943732941,44.8,4,5,0,0,45,6
G4_P5_case45.mat,15,0.410811530414574,0.579211863581252,-0.0123642777331292,1.00371297987038,0.561285633575438,0.000426944912383658,0,0.410811530414574,45.2,4,5,0,0,45,6
G5_P5_case52.mat,1,0.393575826486834,0.570450783010636,0.000694732895096229,0.977930770532583,0.556478709989557,0.000399454856871279,0,0.393575826486834,31.6,5,4,0,0,0,0
G5_P5_case52.mat,2,0.393032911893707,0.566615521876335,0.0262790168181591,0.979664598730134,0.549757730377403,0.000379668976989606,0,0.393032911893707,33.2,5,4,0,0,0,0
G5_P5_case52.mat,3,0.392642708381421,0.566631686513995,-0.00087504265022292,0.980726133141594,0.548630505177486,0.000412035828603488,0,0.392642708381421,32.8,5,4,0,0,0,0
G5_P5_case52.mat,4,0.391754281665703,0.564975726671059,-0.00043977626584856,0.978541531406036,0.546724868013853,0.000342099904780557,0,0.391754281665703,33.2,5,4,0,0,0,0
G5_P5_case52.mat,5,0.392763387714914,0.566813465444033,0.000185558513186558,0.981042017340141,0.548775244570189,0.000253189452940119,0,0.392763387714914,33.2,5,4,0,0,0,0
G5_P5_case52.mat,6,0.392787756354724,0.566824764513438,-0.00026693647287133,0.981089688328143,0.548911460880002,0.000170098127678031,0,0.392787756354724,32.4,5,4,0,0,0,0
G5_P5_case52.mat,7,0.392186759096787,0.559033589034377,0.00199335674390678,0.978141011185645,0.540713171485878,0.000505610408210965,0,0.392186759096787,44.8,5,4,0,0,0,0
G5_P5_case52.mat,8,0.394321275922877,0.566326521021177,-0.00244669364764373,0.980951110560483,0.547994267596743,0.000871352065760803,0,0.394321275922877,32.8,5,4,0,0,0,0
G5_P5_case52.mat,9,0.393178299851297,0.567148922810781,3.03582209726002e-05,0.982109867741691,0.54881598085183,0.000122337502416526,0,0.393178299851297,32,5,4,0,0,0,0
G5_P5_case52.mat,10,0.393260955263722,0.567273701740336,0.000786822644844457,0.982282975761483,0.549077161637142,0.000174366769287712,0,0.393260955263722,39.2,5,4,0,0,0,0
G5_P5_case52.mat,11,0.393642035373265,0.566755308838013,-0.000550430344461955,0.981599030525513,0.548725046973384,0.000278605697005956,0,0.393642035373265,38,5,4,0,0,0,0
G5_P5_case52.mat,12,0.412273612485602,0.48877606869511,-0.00155945614540504,0.818372369929989,0.502984179616647,0.00360866896216334,0.00833333333333333,0.412273612485602,32.8,5,4,0,0,0,0
G5_P5_case52.mat,13,0.393083198295805,0.567105932920508,-0.00212967788981621,0.981849522309677,0.548851155014422,0.000249752822570096,0,0.393083198295805,31.6,5,4,0,0,0,0
G5_P5_case52.mat,14,0.393542634943384,0.56777456771518,-0.000319934941261034,0.982947742005038,0.549664202666348,0.000220710474223822,0,0.393542634943384,32.4,5,4,0,0,0,0
G5_P5_case52.mat,15,0.393875909571533,0.567161221564846,-7.43654410629817e-05,0.979943592147418,0.550088933481227,0.000533113623024981,0,0.393875909571533,38,5,4,0,0,0,0
G5_P5_case55.mat,1,0.38317004446669,0.550823382900724,0.000559630341026721,0.950353973005822,0.540420873570486,0.00043484101605028,0,0.38317004446669,43.2,4,4,0,0,50,6
G5_P5_case55.mat,2,0.38163855554741,0.549911245870778,0.0236423274247971,0.950255290686654,0.533982744592148,0.000818645645426167,0,0.38163855554741,45.2,4,4,0,0,50,6
G5_P5_case55.mat,3,0.38044071666589,0.548321458577722,-0.0218727728030214,0.94977683833564,0.531306989664782,0.000552939537362117,0,0.38044071666589,47.6,4,4,0,0,50,6
G5_P5_case55.mat,4,0.381387551019559,0.547775742682343,0.00087253343590798,0.951305294047268,0.529751953991558,0.00607637027843858,0,0.381387551019559,50,4,4,0,0,50,6
G5_P5_case55.mat,5,0.380986919465714,0.549182319295146,0.00159094781043117,0.949904515494621,0.531122282000335,0.00809702990462664,0,0.380986919465714,50,4,4,0,0,50,6
G5_P5_case55.mat,6,0.383125245493745,0.552809021952213,0.00857006029333972,0.954753721864222,0.535358054997996,0.00793285264476297,0,0.383125245493745,50,4,4,0,0,50,6
G5_P5_case55.mat,7,0.387306797345152,0.548245706241371,0.0124091672191368,0.960095014467036,0.526137607940829,0.00339978949203805,0,0.387306797345152,50,4,4,0,0,50,6
G5_P5_case55.mat,8,0.37911694307635,0.545610154197722,-0.015469436707736,0.945907170318577,0.527477479722682,0.00183608920024016,0,0.37911694307635,50,4,4,0,0,50,6
G5_P5_case55.mat,9,0.379966944918041,0.547699229553417,-0.000128583826487014,0.94898909016873,0.529908451281374,0.000686181650012961,0,0.379966944918041,49.6,4,4,0,0,50,6
G5_P5_case55.mat,10,0.38028632384694,0.548376668451336,0.00152229302765975,0.949563969279966,0.530689726968307,0.000270689077037044,0,0.38028632384694,50,4,4,0,0,50,6
G5_P5_case55.mat,11,0.380227030221655,0.547752582271778,-0.00849657037730323,0.948904416865329,0.529802838499914,0.000654499823523872,0,0.380227030221655,50,4,4,0,0,50,6
G5_P5_case55.mat,12,0.411987068468537,0.479110955708607,0.0150392463919445,0.834554291994843,0.478388820804838,0.00299490327568057,0.005,0.411987068468537,33.6,4,4,0,0,50,6
G5_P5_case55.mat,13,0.38101536844685,0.549351996154125,0.000714974381610724,0.951593061563081,0.531808714016772,0.000463226170026462,0,0.38101536844685,50,4,4,0,0,50,6
G5_P5_case55.mat,14,0.380904623204471,0.549319699853294,-0.00287159650039195,0.951333100493793,0.531669307652674,0.000226980278935479,0,0.380904623204471,32,4,4,0,0,50,6
G5_P5_case55.mat,15,0.384511671014886,0.551393993583279,0.0108476976925579,0.955002439569088,0.534664436302659,0.000366344691426964,0,0.384511671014886,38.4,4,4,0,0,50,6
G6_P5_case62.mat,1,0.175857916464364,0.191376156772509,0.00661216836631881,0.36303711395386,0.168179788787748,0.00143551302047736,0.0116666666666667,0.175857916464364,31.6,5,5,0,0,0,0
G6_P5_case62.mat,2,0.171735092360578,0.202546362622243,-0.129428606368472,0.356447196245947,0.191226557550267,0.00192439952320556,0.0216666666666667,0.171735092360578,33.2,5,5,0,0,0,0
G6_P5_case62.mat,3,0.142756174101135,0.204252663591292,-0.0439156091850288,0.354036709149245,0.198073664832138,0.00141294269625294,0,0.142756174101135,32.8,5,5,0,0,0,0
G6_P5_case62.mat,4,0.144257107858868,0.207552914086524,0.0088693662866398,0.358562992433313,0.201200009126801,0.000849269171656558,0,0.144257107858868,49.2,5,5,0,0,0,0
G6_P5_case62.mat,5,0.144752594922073,0.208181990548467,-0.0104964341967031,0.360095424421953,0.20171424688848,0.000725628768835922,0,0.144752594922073,33.2,5,5,0,0,0,0
G6_P5_case62.mat,6,0.142836618823896,0.205184257271519,0.0101668056296991,0.355294583164835,0.198707239502881,0.000652747007772372,0,0.142836618823896,33.2,5,5,0,0,0,0
G6_P5_case62.mat,7,0.200464304563243,0.228336843609476,-2.31073889995339e-05,0.35831584136244,0.223840172138839,0.00213254901328117,0.0116666666666667,0.200464304563243,37.6,5,5,0,0,0,0
G6_P5_case62.mat,8,0.144066105529098,0.205860884724418,0.0207278603487147,0.35615983471078,0.199559589840023,0.000942527548651889,0,0.144066105529098,32.8,5,5,0,0,0,0
G6_P5_case62.mat,9,0.142978081505385,0.205994291934293,-0.000609355122054925,0.356585854326705,0.199362260467324,0.000578181359971292,0,0.142978081505385,33.2,5,5,0,0,0,0
G6_P5_case62.mat,10,0.142569145509164,0.205007634891722,-0.00904778865649445,0.354715782950828,0.198359317661605,0.000793001795126649,0,0.142569145509164,38.4,5,5,0,0,0,0
G6_P5_case62.mat,11,0.146780404335555,0.203773095478913,0.00825159340816775,0.352482827458556,0.197501687819937,0.000619579673875881,0,0.146780404335555,38.4,5,5,0,0,0,0
G6_P5_case62.mat,12,0.178115565210098,0.199138268844223,0.0118642475122116,0.346300170997564,0.192831232001882,0.00266221544647738,0.005,0.178115565210098,38.8,5,5,0,0,0,0
G6_P5_case62.mat,13,0.14010134892741,0.20115245326324,0.00695819376756504,0.348748311246211,0.194466142112851,0.000451932311818893,0,0.14010134892741,32.8,5,5,0,0,0,0
G6_P5_case62.mat,14,0.139757207174184,0.200358916168851,0.0031625143691274,0.346776156354775,0.193902120054894,0.000671986161938775,0,0.139757207174184,38.8,5,5,0,0,0,0
G6_P5_case62.mat,15,0.190341829924112,0.196921317154985,0.0036620261974985,0.348793087946498,0.186954599104716,0.0013636433772244,0.0116666666666667,0.190341829924112,40,5,5,0,0,0,0
G6_P5_case65.mat,1,0.203224864059485,0.210657752055816,0.021460158271548,0.399557263850288,0.181343479206475,0.00377120442284487,0.0133333333333333,0.203224864059485,32.4,4,5,0,0,30,6
G6_P5_case65.mat,2,0.183272523605451,0.235197007407804,-0.0212931155443013,0.409175745510718,0.222788311009278,0.00505121418488641,0.005,0.183272523605451,30.4,4,5,0,0,30,6
G6_P5_case65.mat,3,0.166511292571024,0.229888658641162,-0.0769158857333835,0.403629690302831,0.219999080564581,0.00287415235677149,0.00166666666666667,0.166511292571024,30,4,5,0,0,30,6
G6_P5_case65.mat,4,0.170424298080179,0.239592669458984,-0.0121001734422887,0.416769436133219,0.230590396994422,0.0059133870530717,0,0.170424298080179,32.4,4,5,0,0,30,6
G6_P5_case65.mat,5,0.176929098898244,0.230104307097964,-0.0130819086274088,0.392128850810802,0.223012440088917,0.00871557460420825,0.0183333333333333,0.176929098898244,30.4,4,5,0,0,30,6
G6_P5_case65.mat,6,0.179139731242254,0.234722502329999,0.0201628052801719,0.418281147563245,0.223011971124882,0.00769202681212797,0.01,0.179139731242254,32.4,4,5,0,0,30,6
G6_P5_case65.mat,7,0.216447365541531,0.270400772903449,0.0686735967961903,0.422429878699652,0.271617712493668,0.00506884071579871,0.00833333333333333,0.216447365541531,32.4,4,5,0,0,30,6
G6_P5_case65.mat,8,0.165751600431128,0.235271487520845,-0.0325476667347849,0.406499545112886,0.228971033068267,0.000728711815883627,0,0.165751600431128,32.4,4,5,0,0,30,6
G6_P5_case65.mat,9,0.161870387459025,0.232174841352219,-0.0011442054506664,0.400500321733308,0.225388528665547,0.00113553262662202,0,0.161870387459025,31.6,4,5,0,0,30,6
G6_P5_case65.mat,10,0.161209756923917,0.232112863057104,0.0202073022449613,0.401576466317162,0.224744019857361,0.000502867258390995,0,0.161209756923917,39.2,4,5,0,0,30,6
G6_P5_case65.mat,11,0.210346431892688,0.230569476529367,0.0136977537371738,0.40438539323559,0.221766398849571,0.00172686320813489,0.0358333333333333,0.210346431892688,32.4,4,5,0,0,30,6
G6_P5_case65.mat,12,0.194616478660275,0.22767715618545,0.0590212794659476,0.394770858612085,0.220265493212089,0.00191287090232979,0.00416666666666667,0.194616478660275,28.4,4,5,0,0,30,6
G6_P5_case65.mat,13,0.158411887186159,0.226814129548567,0.0135249340801683,0.39352086937663,0.21830141941973,0.00114681675925208,0,0.158411887186159,32.4,4,5,0,0,30,6
G6_P5_case65.mat,14,0.15931263801357,0.227323266965365,-0.00696276067308787,0.39466240473338,0.218819215105152,0.000920317770399691,0,0.15931263801357,32.8,4,5,0,0,30,6
G6_P5_case65.mat,15,0.240442383300686,0.224823375812368,-0.0910199377030644,0.391674495054632,0.216574080744362,0.00124656565903705,0.0141666666666667,0.240442383300686,32,4,5,0,0,30,6
G7_P5_case72.mat,1,0.547093381003319,0.78837833762214,-0.0105214974112526,1.36480233490588,0.764340503667631,0.000561849415086917,0,0.547093381003319,31.6,4,4,0,0,0,0
G7_P5_case72.mat,2,0.545970036861095,0.787518113563138,0.00183056208455457,1.36374994371086,0.762371237924519,0.000418866886599723,0,0.545970036861095,33.2,4,4,0,0,0,0
G7_P5_case72.mat,3,0.546633179691677,0.78849344446672,-0.00228355963578103,1.36538690511559,0.763184345928689,0.000402420940928681,0,0.546633179691677,33.2,4,4,0,0,0,0
G7_P5_case72.mat,4,0.547171380026864,0.788591638427602,-0.000405126460054513,1.36671232780993,0.76281158694739,0.000329407318542206,0,0.547171380026864,33.2,4,4,0,0,0,0
G7_P5_case72.mat,5,0.547427196063257,0.790179323762684,0.000512724147340562,1.36735493406274,0.76526420274417,0.000340799306398768,0,0.547427196063257,39.6,4,4,0,0,0,0
G7_P5_case72.mat,6,0.550040942237927,0.782325323365473,-0.00484616463971631,1.36700492129846,0.750727004451223,0.0015951182359255,0,0.550040942237927,32.4,4,4,0,0,0,0
G7_P5_case72.mat,7,0.547240862155537,0.789383040664816,-0.00321915775296808,1.36696993781786,0.764045930228948,0.00017790431847105,0,0.547240862155537,31.6,4,4,0,0,0,0
G7_P5_case72.mat,8,0.547514026165295,0.789670160341126,9.17323421117075e-05,1.36760976780132,0.764223817888783,0.000213906315336193,0,0.547514026165295,38.8,4,4,0,0,0,0
G7_P5_case72.mat,9,0.548302761294539,0.791097987146236,0.000699330410062717,1.369433728237,0.765676593265827,0.000267060533443624,0,0.548302761294539,38.4,4,4,0,0,0,0
G7_P5_case72.mat,10,0.549325220704634,0.791137827930444,-0.0126005440355387,1.36997187792235,0.765665223456178,0.0004525514940519,0,0.549325220704634,39.2,4,4,0,0,0,0
G7_P5_case72.mat,11,0.553237011253053,0.693371652533065,-0.0085923508943076,1.23060587151109,0.675630814197653,0.00404009325406798,0.00333333333333333,0.553237011253053,33.6,4,4,0,0,0,0
G7_P5_case72.mat,12,0.548235108682253,0.790943183604825,0.00126331114463346,1.36939562748675,0.765661910702666,0.000229488845913467,0,0.548235108682253,38.8,4,4,0,0,0,0
G7_P5_case72.mat,13,0.548192769969905,0.790644476756274,0.000797265670032025,1.36916719810915,0.765280490328914,0.000270840287571211,0,0.548192769969905,31.6,4,4,0,0,0,0
G7_P5_case72.mat,14,0.551232857207313,0.791430454141734,-7.25281405673793e-05,1.36986947265752,0.767955976612894,0.000707125431290832,0,0.551232857207313,33.6,4,4,0,0,0,0
G7_P5_case75.mat,1,0.506440879263605,0.725710147414342,-0.0198207604551305,1.25067370410731,0.712769139283704,0.00229014843708182,0,0.506440879263605,32.8,4,4,0,0,35,6
G7_P5_case75.mat,2,0.506093139104493,0.721895690604142,-0.000397747485902803,1.25192736444962,0.701803407912463,0.00837576693010025,0,0.506093139104493,32.8,4,4,0,0,35,6
G7_P5_case75.mat,3,0.504477996779768,0.727552361387159,-0.00610384274887872,1.25833437115872,0.703418401937773,0.0044091845253797,0,0.504477996779768,32.4,4,4,0,0,35,6
G7_P5_case75.mat,4,0.503005890890162,0.726038707601682,0.00170937233922765,1.25494048743102,0.701985403132034,0.00579354909695133,0,0.503005890890162,32.8,4,4,0,0,35,6
G7_P5_case75.mat,5,0.504492995429811,0.726455447691831,0.00106187310315335,1.25836504070568,0.703585247919039,0.00364277844798904,0,0.504492995429811,32.4,4,4,0,0,35,6
G7_P5_case75.mat,6,0.505127730665911,0.728551926959917,-0.00332255991570395,1.25782931646916,0.706763143256549,0.0051595605316502,0,0.505127730665911,32.8,4,4,0,0,35,6
G7_P5_case75.mat,7,0.5061735804832,0.723419993431003,-0.0120723163141675,1.25790354887086,0.695055090871102,0.00244862214778607,0,0.5061735804832,37.6,4,4,0,0,35,6
G7_P5_case75.mat,8,0.50289083373227,0.725701801069848,0.00945343157497554,1.25607186308056,0.703085848093556,0.000653593599278506,0,0.50289083373227,31.6,4,4,0,0,35,6
G7_P5_case75.mat,9,0.502647842581162,0.725110937226631,7.53410227162424e-05,1.25552712180446,0.701794054481077,0.000315864933965149,0,0.502647842581162,32.4,4,4,0,0,35,6
G7_P5_case75.mat,10,0.503105511627499,0.725022837974743,-0.000940222008986087,1.25615441708714,0.7015697534453,0.000319154434341746,0,0.503105511627499,38.4,4,4,0,0,35,6
G7_P5_case75.mat,11,0.504926928927763,0.726734626976175,-0.000884184771338167,1.25830580211905,0.703852300446806,0.000953319595164097,0,0.504926928927763,32.8,4,4,0,0,35,6
G7_P5_case75.mat,12,0.519182526954049,0.637925086635688,-0.00578644985887753,1.11785224858057,0.63369222533214,0.00381855052125692,0.005,0.519182526954049,33.2,4,4,0,0,35,6
G7_P5_case75.mat,13,0.503925064922212,0.727165633946022,-0.0031225819626231,1.25848466976241,0.703952666318939,0.000567180715225503,0,0.503925064922212,32.8,4,4,0,0,35,6
G7_P5_case75.mat,14,0.503779068719301,0.726055424894423,-0.00179927894124087,1.25805520423111,0.702578344874101,0.00126864710422294,0,0.503779068719301,32.8,4,4,0,0,35,6
G7_P5_case75.mat,15,0.511359392193305,0.728916559881808,-0.00608746001590767,1.26571703872934,0.705891512561809,0.00147607415244083,0,0.511359392193305,32,4,4,0,0,35,6
G8_P5_case82.mat,1,0.188864453761959,0.173120701902394,0.00278744589956062,0.326650690651435,0.13974686450973,0.00126198618357448,0.0141666666666667,0.188864453761959,33.2,3,5,0,0,0,0
G8_P5_case82.mat,2,0.168796349787417,0.179376288202444,-0.0227802931773267,0.314632066705751,0.16916499248585,0.00228861318225446,0.0258333333333333,0.168796349787417,33.2,3,5,0,0,0,0
G8_P5_case82.mat,3,0.133014449525419,0.189575426919867,0.0214995252767687,0.32707468208815,0.183626542066797,0.00239400521756296,0,0.133014449525419,32.4,3,5,0,0,0,0
G8_P5_case82.mat,4,0.127703176173434,0.183789283407897,-0.0184692101160961,0.316996067189177,0.178300613371712,0.00224216852256189,0,0.127703176173434,33.2,3,5,0,0,0,0
G8_P5_case82.mat,5,0.130044095640291,0.186227716711739,0.0104033709312764,0.322438374458164,0.180588160167699,0.00153151337689855,0,0.130044095640291,33.2,3,5,0,0,0,0
G8_P5_case82.mat,6,0.129119440803801,0.183770043792826,0.0228966066937542,0.319304252700621,0.1772329557821,0.0011744129635813,0,0.129119440803801,38,3,5,0,0,0,0
G8_P5_case82.mat,7,0.191197615240141,0.213069686498579,-0.0182230592052767,0.327418960269166,0.217024689809889,0.00238109472991246,0.0166666666666667,0.191197615240141,32,3,5,0,0,0,0
G8_P5_case82.mat,8,0.130495861497234,0.184555719188394,0.0125009170234594,0.319258043974124,0.179340450517566,0.000780078953375592,0.00166666666666667,0.130495861497234,39.2,3,5,0,0,0,0
G8_P5_case82.mat,9,0.127098540817903,0.182115310140858,0.00344276204182423,0.31597599544442,0.176463750331793,0.000661363799715797,0,0.127098540817903,31.6,3,5,0,0,0,0
G8_P5_case82.mat,10,0.127268785018973,0.181638548464945,0.00492597397984073,0.314504770869766,0.176321975394271,0.000820766354969531,0,0.127268785018973,38.8,3,5,0,0,0,0
G8_P5_case82.mat,11,0.172933712768427,0.173769101979769,-0.00158021067813943,0.299633733234728,0.169843313169236,0.00187153005346264,0.0458333333333333,0.172933712768427,38,3,5,0,0,0,0
G8_P5_case82.mat,12,0.171558469662517,0.191059113179254,0.00117113008406587,0.326690111669784,0.186415145689374,0.00236215555832229,0.0125,0.171558469662517,32,3,5,0,0,0,0
G8_P5_case82.mat,13,0.125466623209576,0.179745129874314,-0.0072732000392125,0.31110946839459,0.17414536109143,0.00102802344998985,0,0.125466623209576,31.6,3,5,0,0,0,0
G8_P5_case82.mat,14,0.128390207959877,0.178048284907825,-0.022709837906723,0.308502730118726,0.171372973925574,0.00202351871364991,0.005,0.128390207959877,31.6,3,5,0,0,0,0
G8_P5_case82.mat,15,0.27055042106172,0.169741154305138,0.00159398850404169,0.29365131433488,0.15900847586724,0.00170653883422062,0.0216666666666667,0.27055042106172,32.4,3,5,0,0,0,0
G8_P5_case85.mat,1,0.285248388851132,0.353903335089456,0.0038684035006574,0.638210291166962,0.319928986374199,0.00241808176122267,0.005,0.285248388851132,37.6,4,5,0,0,40,6
G8_P5_case85.mat,2,0.269576982556748,0.365578795795588,-0.0361957061880917,0.628053226217021,0.352365244037378,0.0125003022323426,0.005,0.269576982556748,40,4,5,0,0,40,6
G8_P5_case85.mat,3,0.268030142236748,0.366641118751858,0.0050002598666552,0.648141666954281,0.350713575542516,0.0153732938301275,0,0.268030142236748,40,4,5,0,0,40,6
G8_P5_case85.mat,4,0.269294722378283,0.365185795701989,-0.0307104892984017,0.624887745294711,0.356526739912626,0.0268993246008365,0.00416666666666667,0.269294722378283,40,4,5,0,0,40,6
G8_P5_case85.mat,5,0.28705579850078,0.383007986138114,-0.0478957431947009,0.666319218782194,0.371473533780889,0.0246342911059491,0.0025,0.28705579850078,40,4,5,0,0,40,6
G8_P5_case85.mat,6,0.285551146139468,0.367858677926586,-0.00874216259025588,0.643417625497319,0.349935092266145,0.0276498059328956,0.00333333333333333,0.285551146139468,40,4,5,0,0,40,6
G8_P5_case85.mat,7,0.301060865986157,0.381311273818975,-0.0406977229769449,0.632576170571283,0.371848739321664,0.018688403262774,0.00833333333333333,0.301060865986157,40,4,5,0,0,40,6
G8_P5_case85.mat,8,0.259327710413532,0.367737632330533,0.014921113990686,0.637149996642725,0.353815119880479,0.00610195511171287,0,0.259327710413532,40,4,5,0,0,40,6
G8_P5_case85.mat,9,0.264876438782242,0.376621056184461,-0.0121376996031226,0.650412573509601,0.364670453000956,0.00941240725296779,0,0.264876438782242,40,4,5,0,0,40,6
G8_P5_case85.mat,10,0.254731050010892,0.365599026714789,-0.0729589314980964,0.634597564962158,0.352012730347355,0.00178271769444841,0,0.254731050010892,39.6,4,5,0,0,40,6
G8_P5_case85.mat,11,0.270559095995007,0.369272700965245,0.0115637525521965,0.642968717785309,0.356743292877349,0.00455689683376629,0.00333333333333333,0.270559095995007,39.6,4,5,0,0,40,6
G8_P5_case85.mat,12,0.273149730850718,0.359220131410091,-0.237389579818845,0.628805236705121,0.344399339738045,0.00420142761461446,0.005,0.273149730850718,39.6,4,5,0,0,40,6
G8_P5_case85.mat,13,0.253858194462717,0.366494792744394,0.00788934491796487,0.631637942052322,0.355115246743696,0.00668031947172287,0,0.253858194462717,40,4,5,0,0,40,6
G8_P5_case85.mat,14,0.251121815182562,0.360563805059481,0.00229340423540055,0.625279641475588,0.348725922652088,0.00208369105182979,0,0.251121815182562,40,4,5,0,0,40,6
G9_P5_case92.mat,1,0.411293564121867,0.586580011170716,-0.000980812090460415,1.00933010167891,0.577560685642462,0.000473008082374838,0,0.411293564121867,32.4,2,4,0,0,0,0
G9_P5_case92.mat,2,0.402711982793653,0.572057510926601,0.0176686192704083,0.996365066488803,0.55289364370566,0.00122799287396994,0,0.402711982793653,32.8,2,4,0,0,0,0
G9_P5_case92.mat,3,0.403944017056676,0.582078416341638,0.0287743580001285,1.00785427473066,0.563800041255088,0.000611780858984855,0,0.403944017056676,33.6,2,4,0,0,0,0
G9_P5_case92.mat,4,0.404289827553924,0.583139206630719,-0.00485537850910611,1.00959949019785,0.564208046340387,0.000395674569788263,0,0.404289827553924,33.6,2,4,0,0,0,0
G9_P5_case92.mat,5,0.404099002438833,0.582658707235737,0.00902876134592877,1.00920896376873,0.563934103733713,0.000566418659635793,0,0.404099002438833,33.2,2,4,0,0,0,0
G9_P5_case92.mat,6,0.404505275930527,0.583097837589286,0.00603007829360457,1.0098844794799,0.564743842712206,0.000821839087530308,0,0.404505275930527,32.4,2,4,0,0,0,0
G9_P5_case92.mat,7,0.406477060021749,0.573998634144278,-0.0254974926955844,1.01057073893405,0.549921138640203,0.000613958781127921,0,0.406477060021749,31.2,2,4,0,0,0,0
G9_P5_case92.mat,8,0.405282670355196,0.585084660611523,0.019040443380623,1.01182272468907,0.567592131802443,0.000860421197623613,0,0.405282670355196,32.8,2,4,0,0,0,0
G9_P5_case92.mat,9,0.405700534154072,0.585631456274628,-0.000134610849855708,1.01321282538935,0.566643532631714,0.000518340525415779,0,0.405700534154072,32.4,2,4,0,0,0,0
G9_P5_case92.mat,10,0.404720824552769,0.584007667434841,0.00160863943840297,1.01084412594628,0.565153289971599,0.00031164923237624,0,0.404720824552769,38.4,2,4,0,0,0,0
G9_P5_case92.mat,11,0.409736576869127,0.582681380103886,-0.000415953057664644,1.01083426399191,0.563400676374651,0.000591601160776127,0,0.409736576869127,33.2,2,4,0,0,0,0
G9_P5_case92.mat,12,0.436043374902711,0.561593273269985,-0.000658738725566888,0.971998290680449,0.549887135088585,0.00291568799725145,0.00666666666666667,0.436043374902711,32.4,2,4,0,0,0,0
G9_P5_case92.mat,13,0.405032826873085,0.584267879956794,-0.00090190493400785,1.01169219107912,0.565180907394255,0.000218024305915131,0,0.405032826873085,38.8,2,4,0,0,0,0
G9_P5_case92.mat,14,0.404864914470497,0.583751867015794,0.00354543848473627,1.01099922664277,0.565208939548373,0.000397075268543967,0,0.404864914470497,28,2,4,0,0,0,0
G9_P5_case92.mat,15,0.41324229523941,0.585331015053213,-0.00438992960845834,1.01034761231056,0.5682031519634,0.000965011545977607,0,0.41324229523941,32.8,2,4,0,0,0,0
G9_P5_case95.mat,1,0.638484032949938,0.915981818714047,-0.0163188768855862,1.58587876019884,0.894671425132681,0.00110784442906982,0,0.638484032949938,44.8,4,4,0,0,45,6
G9_P5_case95.mat,2,0.639445874904964,0.921492195604504,0.00255194095302737,1.59463467815434,0.896026814543492,0.00392427755226436,0,0.639445874904964,44.8,4,4,0,0,45,6
G9_P5_case95.mat,3,0.640473868325629,0.924921626383204,0.0176537009336256,1.59884708918411,0.897109677352562,0.00395694268404963,0,0.640473868325629,45.2,4,4,0,0,45,6
G9_P5_case95.mat,4,0.641973796516759,0.924479295242972,-0.010315226070049,1.60008314304029,0.89502796547826,0.00802022289141796,0,0.641973796516759,45.2,4,4,0,0,45,6
G9_P5_case95.mat,5,0.647449317793024,0.932857899008556,0.0033471159623383,1.6101090050502,0.905274950854537,0.0106850111346554,0,0.647449317793024,45.2,4,4,0,0,45,6
G9_P5_case95.mat,6,0.642662982550133,0.916085817554119,-0.00213062404914482,1.59540214953746,0.881778121184832,0.0150976916848048,0,0.642662982550133,44.8,4,4,0,0,45,6
G9_P5_case95.mat,7,0.646581655207511,0.91572131659138,0.0207627124343952,1.59306426552946,0.880336618017068,0.0143645772452315,0.00333333333333333,0.646581655207511,44.8,4,4,0,0,45,6
G9_P5_case95.mat,8,0.636565424880539,0.919072616439274,0.0130323820587992,1.5875857875973,0.892688277188533,0.000980620251962504,0,0.636565424880539,46.4,4,4,0,0,45,6
G9_P5_case95.mat,9,0.63304185655973,0.913296542883737,0.000809157649061236,1.58117493152317,0.883861126111635,0.00101322890216947,0,0.63304185655973,45.2,4,4,0,0,45,6
G9_P5_case95.mat,10,0.633839741265168,0.914184985682446,0.000623643000942319,1.58270493519802,0.885268407598719,0.000774654124552839,0,0.633839741265168,45.2,4,4,0,0,45,6
G9_P5_case95.mat,11,0.636381644330308,0.916042862458351,0.000656066461911769,1.58806671780367,0.886260210971514,0.00266265449868032,0,0.636381644330308,44.8,4,4,0,0,45,6
G9_P5_case95.mat,12,0.637105115000985,0.798825695412174,-0.0128229419120484,1.41391562912066,0.782193443720575,0.00385071825425933,0.00333333333333333,0.637105115000985,38.8,4,4,0,0,45,6
G9_P5_case95.mat,13,0.635252179793219,0.916585640292518,0.000484510073035608,1.58670655563372,0.887269313269142,0.000921529401577328,0,0.635252179793219,44.8,4,4,0,0,45,6
G9_P5_case95.mat,14,0.632908411830304,0.911567142262904,-0.000632985966767523,1.58004147149767,0.883147091129236,0.00201943910808336,0,0.632908411830304,44.8,4,4,0,0,45,6
G9_P5_case95.mat,15,0.640175344513441,0.918142461763477,0.000390219779330356,1.59284354256272,0.888651646959814,0.000711795711045822,0,0.640175344513441,44.8,4,4,0,0,45,6
