file,segment,max_freq,amplitude,zcr,rms,freq,freq_loc
G0_P1_case_perfect.mat,1,41.6,0.00898844418786935,0.1575,0.0276447882591856,0,0
G0_P1_case_perfect.mat,2,42.4,0.00608838313592551,0.165,0.0103223113102075,0,0
G0_P1_case_perfect.mat,3,32.8,0.0032419057392297,0.1525,0.00662057940180271,0,0
G0_P1_case_perfect.mat,4,41.6,0.00505156843589229,0.155833333333333,0.00966417896685057,0,0
G0_P1_case_perfect.mat,5,41.6,0.00601666443244025,0.160833333333333,0.0136524644995919,0,0
G0_P1_case_perfect.mat,6,38.8,0.00895059542558372,0.160833333333333,0.0132758304909206,0,0
G0_P1_case_perfect.mat,7,37.2,0.00675543532773385,0.153333333333333,0.00729636878079998,0,0
G0_P1_case_perfect.mat,8,32.4,0.00273475924458468,0.145833333333333,0.00743038084864971,0,0
G0_P1_case_perfect.mat,9,32.8,0.00899600006374124,0.160833333333333,0.0179365380689461,0,0
G0_P1_case_perfect.mat,10,29.6,0.005356822944296,0.150833333333333,0.0130020003027425,0,0
G0_P1_case_perfect.mat,11,34.4,0.0066145636966318,0.1625,0.0130348881061271,0,0
G0_P1_case_perfect.mat,12,33.2,0.00474123471120758,0.145,0.00865651482259133,0,0
G0_P1_case_perfect.mat,13,33.2,0.00481517648122647,0.155833333333333,0.00803616698902545,0,0
G0_P1_case_perfect.mat,14,38.8,0.00804784439937232,0.155833333333333,0.00955648206239378,0,0
G0_P1_case_perfect.mat,15,41.2,0.0117657008065664,0.156666666666667,0.0197108481315252,0,0
G0_P1_case_perfect.mat,16,37.6,0.00242669720669287,0.148333333333333,0.00549833921643172,0,0
G0_P1_case_perfect.mat,17,32.4,0.00354089253129003,0.150833333333333,0.00680220700877379,0,0
G0_P1_case_perfect.mat,18,38.4,0.0034101861021878,0.1525,0.00644019638443581,0,0
G0_P1_case_perfect.mat,19,40.8,0.00470202185043378,0.158333333333333,0.00945534195931163,0,0
G0_P2_case_perfect.mat,1,35.6,0.00701053286183913,0.175,0.0280475047080232,0,0
G0_P2_case_perfect.mat,2,49.2,0.00121297357754668,0.178333333333333,0.00201217434233731,0,0
G0_P2_case_perfect.mat,3,49.6,0.00104743641791871,0.179166666666667,0.00144340483718676,0,0
G0_P2_case_perfect.mat,4,44.8,0.00171024693414384,0.175833333333333,0.00278686056013163,0,0
G0_P2_case_perfect.mat,5,44.8,0.00215743201133416,0.173333333333333,0.00286890983510277,0,0
G0_P2_case_perfect.mat,6,44.4,0.000752002071376968,0.165833333333333,0.00175851070697809,0,0
G0_P2_case_perfect.mat,7,33.2,0.0003867046294448,0.168333333333333,0.00073949077806141,0,0
G0_P2_case_perfect.mat,8,32.4,0.000849653036439999,0.159166666666667,0.00117806218741691,0,0
G0_P2_case_perfect.mat,9,43.2,0.00148983056880349,0.179166666666667,0.00256937489976934,0,0
G0_P2_case_perfect.mat,10,43.2,0.000700695399522569,0.17,0.00146167752017058,0,0
G0_P2_case_perfect.mat,11,49.6,0.000969228155963736,0.1825,0.00197082403396538,0,0
G0_P2_case_perfect.mat,12,32.8,0.00134316779058493,0.15,0.00199224443542599,0,0
G0_P2_case_perfect.mat,13,33.2,0.00125019860608506,0.156666666666667,0.00146935235029645,0,0
G0_P2_case_perfect.mat,14,32.4,0.000834838066898476,0.151666666666667,0.00125094728028682,0,0
G0_P2_case_perfect.mat,15,33.6,0.00107714456921531,0.169166666666667,0.00253514195851535,0,0
G0_P2_case_perfect.mat,16,31.2,0.000361321702534651,0.151666666666667,0.00068492351856216,0,0
G0_P2_case_perfect.mat,17,43.6,0.000983571081986518,0.1775,0.00156185036844142,0,0
G0_P2_case_perfect.mat,18,38.8,0.000563828854761896,0.165833333333333,0.00108635634700568,0,0
G0_P3_case_perfect.mat,1,31.2,0.0117432415427368,0.16,0.0459349029666861,0,0
G0_P3_case_perfect.mat,2,44.4,0.00342862155481987,0.164166666666667,0.00814514259392611,0,0
G0_P3_case_perfect.mat,3,38.4,0.0038591931290103,0.154166666666667,0.00794428121033369,0,0
G0_P3_case_perfect.mat,4,44.8,0.00365677122878843,0.163333333333333,0.00792603386894133,0,0
G0_P3_case_perfect.mat,5,44.8,0.00700010291771067,0.161666666666667,0.0119848014469499,0,0
G0_P3_case_perfect.mat,6,33.2,0.00343414967311208,0.158333333333333,0.00850214064848282,0,0
G0_P3_case_perfect.mat,7,31.6,0.00439562787350291,0.14,0.00743539009247671,0,0
G0_P3_case_perfect.mat,8,32,0.00587207278674975,0.141666666666667,0.00887413046234427,0,0
G0_P3_case_perfect.mat,9,31.6,0.00530521852231603,0.151666666666667,0.00910684639830207,0,0
G0_P3_case_perfect.mat,10,32.8,0.0032152194685,0.149166666666667,0.0075491487511235,0,0
G0_P3_case_perfect.mat,11,32.4,0.00431133801847014,0.149166666666667,0.00734863010052816,0,0
G0_P3_case_perfect.mat,12,33.6,0.00565120333427728,0.1475,0.00954429366416314,0,0
G0_P3_case_perfect.mat,13,38.4,0.00269495008928069,0.1575,0.00626574367267884,0,0
G0_P3_case_perfect.mat,14,32.8,0.00426287187637381,0.146666666666667,0.00664587101843624,0,0
G0_P3_case_perfect.mat,15,31.2,0.0064788242005458,0.146666666666667,0.0103009120019381,0,0
G0_P3_case_perfect.mat,16,32.4,0.00446814548562114,0.144166666666667,0.00672859004550864,0,0
G0_P3_case_perfect.mat,17,32.4,0.00357749524323965,0.151666666666667,0.00596486581431265,0,0
G0_P3_case_perfect.mat,18,33.2,0.0028083382325212,0.153333333333333,0.00556601155708357,0,0
G0_P3_case_perfect.mat,19,31.2,0.00244985054027217,0.160833333333333,0.00604791729822036,0,0
G0_P4_case_perfect.mat,1,30.8,0.0058972572130388,0.168333333333333,0.0237788936008675,0,0
G0_P4_case_perfect.mat,2,39.2,0.00351349146452849,0.166666666666667,0.0101375132278065,0,0
G0_P4_case_perfect.mat,3,32.4,0.00714712683688172,0.154166666666667,0.0139825278603471,0,0
G0_P4_case_perfect.mat,4,46,0.00679829446199528,0.170833333333333,0.0156198362759706,0,0
G0_P4_case_perfect.mat,5,38.8,0.00914529669119691,0.158333333333333,0.0207150000719615,0,0
G0_P4_case_perfect.mat,6,40,0.00450577369657549,0.163333333333333,0.00882029568789168,0,0
G0_P4_case_perfect.mat,7,38.4,0.00278789694426667,0.163333333333333,0.00688416398854164,0,0
G0_P4_case_perfect.mat,8,31.2,0.00698004184576877,0.151666666666667,0.0142917107542752,0,0
G0_P4_case_perfect.mat,9,31.6,0.0253253644748293,0.145,0.0473060117093749,0,0
G0_P4_case_perfect.mat,10,38.4,0.0250691766467388,0.151666666666667,0.0324428621330669,0,0
G0_P4_case_perfect.mat,11,32.4,0.0370726834218842,0.1425,0.0511753951898501,0,0
G0_P4_case_perfect.mat,12,32,0.00859415183528593,0.141666666666667,0.0104885155966426,0,0
G0_P4_case_perfect.mat,13,32,0.00762388836886809,0.151666666666667,0.00911309427313745,0,0
G0_P4_case_perfect.mat,14,32.8,0.00711680328517974,0.14,0.00985834214664351,0,0
G0_P4_case_perfect.mat,15,39.2,0.00879276200221656,0.150833333333333,0.0191790052720763,0,0
G0_P4_case_perfect.mat,16,32,0.00661382638018442,0.139166666666667,0.00840526394894151,0,0
G0_P4_case_perfect.mat,17,30.4,0.0418684628911418,0.141666666666667,0.0667963447089408,0,0
G0_P4_case_perfect.mat,18,29.2,0.053668926681052,0.1225,0.058867641432344,0,0
G0_P4_case_perfect.mat,19,29.6,0.0100430453101781,0.146666666666667,0.0177698740665564,0,0
G1_P1_case11.mat,1,35.2,0.0426951164403675,0.145,0.0560588815876529,35,3
G1_P1_case11.mat,2,35.2,0.0372066862828674,0.145833333333333,0.0339759817608998,35,3
G1_P1_case11.mat,3,35.2,0.0375765886912848,0.145833333333333,0.0335587095754931,35,3
G1_P1_case11.mat,4,35.2,0.037755264750536,0.145833333333333,0.0348208489050599,35,3
G1_P1_case11.mat,5,35.2,0.0376884334919765,0.145833333333333,0.0348924325092375,35,3
G1_P1_case11.mat,6,35.2,0.0378919839891048,0.145833333333333,0.0341479445314428,35,3
G1_P1_case11.mat,7,35.2,0.0380409322802773,0.145833333333333,0.0343221210192126,35,3
G1_P1_case11.mat,8,35.2,0.0385226513538319,0.145833333333333,0.0346119975731302,35,3
G1_P1_case11.mat,9,35.2,0.038536071123814,0.145833333333333,0.0354628773548776,35,3
G1_P1_case11.mat,10,35.2,0.039174140365574,0.145833333333333,0.0350872755913759,35,3
G1_P1_case11.mat,11,35.2,0.0389469883182468,0.145833333333333,0.0351731961614025,35,3
G1_P1_case11.mat,12,35.2,0.038081043574474,0.145833333333333,0.0341061275083544,35,3
G1_P1_case11.mat,13,35.2,0.0371479568223454,0.145833333333333,0.0335535969906475,35,3
G1_P1_case11.mat,14,35.2,0.0442610926932282,0.145833333333333,0.0431673220204388,35,3
G1_P1_case11.mat,15,35.2,0.0465560878223552,0.145833333333333,0.0408175503663503,35,3
G1_P1_case11.mat,16,35.2,0.0424137103661954,0.146666666666667,0.0369442397540019,35,3
G1_P1_case11.mat,17,35.2,0.0399546966918321,0.145833333333333,0.0358995819332129,35,3
G1_P1_case11.mat,18,35.2,0.0373570982512007,0.145833333333333,0.0337581256385101,35,3
G1_P1_case11.mat,19,35.2,0.037754149567268,0.145833333333333,0.0343831858642956,35,3
G1_P2_case11.mat,1,35.2,0.0486904696501935,0.151666666666667,0.0577771845413983,35,3
G1_P2_case11.mat,2,35.2,0.0415880342981847,0.1525,0.0382547437093025,35,3
G1_P2_case11.mat,3,35.2,0.0306747078611375,0.15,0.0299683961576627,35,3
G1_P2_case11.mat,4,35.2,0.0308223549079472,0.1525,0.0428628166217307,35,3
G1_P2_case11.mat,5,35.2,0.0352848521332369,0.154166666666667,0.040358470046689,35,3
G1_P2_case11.mat,6,35.2,0.0290000461099369,0.149166666666667,0.0292818481817242,35,3
G1_P2_case11.mat,7,35.2,0.0236280947042523,0.146666666666667,0.0219269825297068,35,3
G1_P2_case11.mat,8,35.2,0.0228925924960679,0.1475,0.0234783015102598,35,3
G1_P2_case11.mat,9,35.2,0.0200867403046014,0.164166666666667,0.0277546950688993,35,3
G1_P2_case11.mat,10,35.2,0.0190062125749313,0.1525,0.0219192198961678,35,3
G1_P2_case11.mat,11,35.2,0.0193471040692385,0.161666666666667,0.0230523117568559,35,3
G1_P2_case11.mat,12,35.2,0.0269127028903965,0.149166666666667,0.0333569360957475,35,3
G1_P2_case11.mat,13,35.2,0.026335183915879,0.149166666666667,0.0261760032686137,35,3
G1_P2_case11.mat,14,35.2,0.0410923766873685,0.1475,0.0392096879389507,35,3
G1_P2_case11.mat,15,35.2,0.0510344572845858,0.1475,0.0478536171055785,35,3
G1_P2_case11.mat,16,35.2,0.0528027928121542,0.145833333333333,0.0423792545269735,35,3
G1_P2_case11.mat,17,35.2,0.05392932741441,0.145833333333333,0.0459518792817083,35,3
G1_P2_case11.mat,18,35.2,0.0509300118539743,0.145833333333333,0.043968898577536,35,3
G1_P2_case11.mat,19,35.2,0.0520557563227687,0.145833333333333,0.0440193662460926,35,3
G1_P3_case11.mat,1,34.8,0.0587602328857866,0.145833333333333,0.0448189263627046,35,3
G1_P3_case11.mat,2,34.8,0.0476140886452343,0.145,0.0352798362904422,35,3
G1_P3_case11.mat,3,34.8,0.0469374877384608,0.145,0.0344390586442036,35,3
G1_P3_case11.mat,4,34.8,0.0524874689174584,0.145,0.0386551546204902,35,3
G1_P3_case11.mat,5,34.8,0.0557468171666722,0.145,0.0410711663912356,35,3
G1_P3_case11.mat,6,34.8,0.057690161619152,0.145,0.0419530961865504,35,3
G1_P3_case11.mat,7,34.8,0.0544931660398631,0.145833333333333,0.0400418733031494,35,3
G1_P3_case11.mat,8,34.8,0.0535762284548872,0.145,0.0394817731003159,35,3
G1_P3_case11.mat,9,34.8,0.0511139820633839,0.145,0.0378012091595987,35,3
G1_P3_case11.mat,10,34.8,0.0529719330704801,0.145,0.038635652171449,35,3
G1_P3_case11.mat,11,34.8,0.0495682333073192,0.145,0.0366789685808231,35,3
G1_P3_case11.mat,12,34.8,0.0541213693140313,0.145,0.0401654314786076,35,3
G1_P3_case11.mat,13,34.8,0.0550388634935792,0.145,0.0407375256481601,35,3
G1_P3_case11.mat,14,34.8,0.0630241850118363,0.145,0.0492344248003573,35,3
G1_P3_case11.mat,15,34.8,0.0717391857605867,0.145,0.0538799594733922,35,3
G1_P3_case11.mat,16,34.8,0.0616274854488349,0.145,0.0463936245059453,35,3
G1_P3_case11.mat,17,34.8,0.0647125070104699,0.145833333333333,0.0474498398071724,35,3
G1_P3_case11.mat,18,34.8,0.0587953508137921,0.145,0.0432647833523041,35,3
G1_P3_case11.mat,19,34.8,0.0597780710808427,0.145,0.0438233374809788,35,3
G1_P3_case11.mat,20,34.8,0.0600567430496241,0.145,0.0440772606063553,35,3
G1_P4_case11.mat,1,35.2,0.0352870874938658,0.161666666666667,0.0522151077335751,35,3
G1_P4_case11.mat,2,35.2,0.0367286805278731,0.16,0.0348325665448244,35,3
G1_P4_case11.mat,3,35.2,0.0338298064096472,0.151666666666667,0.0309100891376197,35,3
G1_P4_case11.mat,4,35.2,0.0310416368792626,0.165,0.0475016413231351,35,3
G1_P4_case11.mat,5,35.2,0.0337352925301486,0.1575,0.0359369896491686,35,3
G1_P4_case11.mat,6,35.2,0.0270938604741634,0.155,0.030741504593651,35,3
G1_P4_case11.mat,7,35.2,0.026849429464634,0.1475,0.023860128072955,35,3
G1_P4_case11.mat,8,35.2,0.0281551558747596,0.15,0.024249848578827,35,3
G1_P4_case11.mat,9,35.2,0.0367909803515188,0.151666666666667,0.0413549525336412,35,3
G1_P4_case11.mat,10,35.2,0.0377825206532121,0.149166666666667,0.035733538329572,35,3
G1_P4_case11.mat,11,35.2,0.0375870374853129,0.1525,0.0364718275709303,35,3
G1_P4_case11.mat,12,35.2,0.0339853577832984,0.149166666666667,0.0321895521132963,35,3
G1_P4_case11.mat,13,35.2,0.0287683277652613,0.145833333333333,0.028620426444574,35,3
G1_P4_case11.mat,14,35.2,0.0333653613421958,0.15,0.0368163154031225,35,3
G1_P4_case11.mat,15,35.2,0.0336643687697731,0.155833333333333,0.0342838955012643,35,3
G1_P4_case11.mat,16,35.2,0.0328070276228713,0.148333333333333,0.0265181293703551,35,3
G1_P4_case11.mat,17,35.2,0.032911391222951,0.149166666666667,0.029769479366025,35,3
G1_P4_case11.mat,18,35.2,0.0318664637267086,0.148333333333333,0.027828737294759,35,3
G1_P4_case11.mat,19,35.2,0.0301682708939556,0.154166666666667,0.0283153557567844,35,3
G2_P1_case21.mat,1,40,0.0810665037018828,0.165,0.0841364034983926,40,5
G2_P1_case21.mat,2,40,0.0709227577081149,0.165833333333333,0.0684961416786123,40,5
G2_P1_case21.mat,3,40,0.119422596761335,0.165833333333333,0.100662579027456,40,5
G2_P1_case21.mat,4,40,0.0962358744368692,0.165833333333333,0.0782777266666023,40,5
G2_P1_case21.mat,5,40,0.109794128548551,0.165833333333333,0.0950538628887612,40,5
G2_P1_case21.mat,6,40,0.130145592117367,0.165833333333333,0.106864328686536,40,5
G2_P1_case21.mat,7,40,0.131529979737655,0.166666666666667,0.108990512703737,40,5
G2_P1_case21.mat,8,40,0.118853637581914,0.165833333333333,0.100513245097878,40,5
G2_P1_case21.mat,9,40,0.11007915730765,0.165833333333333,0.0958811032252064,40,5
G2_P1_case21.mat,10,40,0.117287216189798,0.166666666666667,0.098232713028818,40,5
G2_P1_case21.mat,11,40,0.129911267847946,0.165833333333333,0.106228441927759,40,5
G2_P1_case21.mat,12,40,0.113844830879425,0.165833333333333,0.0960082227054713,40,5
G2_P1_case21.mat,13,40,0.11958393337548,0.165833333333333,0.100694801636698,40,5
G2_P1_case21.mat,14,40,0.118776673993439,0.165833333333333,0.100110429394312,40,5
G2_P1_case21.mat,15,40,0.115437419256385,0.165833333333333,0.100433481906637,40,5
G2_P1_case21.mat,16,40,0.100965464800267,0.165833333333333,0.0823115551695107,40,5
G2_P1_case21.mat,17,40,0.099148250262503,0.165833333333333,0.0825341706934017,40,5
G2_P1_case21.mat,18,40,0.0984172505136076,0.166666666666667,0.0807480932353454,40,5
G2_P1_case21.mat,19,40,0.0904646607588224,0.165833333333333,0.07828800337648,40,5
G2_P2_case21.mat,1,40.4,0.569629789576778,0.166666666666667,0.55525697531876,40,5
G2_P2_case21.mat,2,40.4,0.740189540494157,0.168333333333333,0.617887538223013,40,5
G2_P2_case21.mat,3,40.4,0.666026403824944,0.1675,0.639766700306135,40,5
G2_P2_case21.mat,4,40.4,0.761294985188189,0.1675,0.608549978079961,40,5
G2_P2_case21.mat,5,40.4,0.649023862634261,0.168333333333333,0.548680216669588,40,5
G2_P2_case21.mat,6,40.4,0.596479147990096,0.1675,0.521269134319508,40,5
G2_P2_case21.mat,7,40.4,0.597090091162388,0.1675,0.522329431416718,40,5
G2_P2_case21.mat,8,40.4,0.588520192332224,0.1675,0.526143422845396,40,5
G2_P2_case21.mat,9,40.4,0.606774265680106,0.1675,0.535906653090743,40,5
G2_P2_case21.mat,10,40.4,0.620200517971509,0.1675,0.546799337599461,40,5
G2_P2_case21.mat,11,40.4,0.65043186524375,0.1675,0.56053401442514,40,5
G2_P2_case21.mat,12,40.4,0.594639024059687,0.168333333333333,0.530237565947311,40,5
G2_P2_case21.mat,13,40.4,0.600274497903842,0.1675,0.515004019597697,40,5
G2_P2_case21.mat,14,40.4,0.575181338110865,0.1675,0.515927132861875,40,5
G2_P2_case21.mat,15,40.4,0.613571992229002,0.1675,0.551873930458761,40,5
G2_P2_case21.mat,16,40.4,0.607784547505083,0.1675,0.531106696340404,40,5
G2_P2_case21.mat,17,40.4,0.591019070528481,0.1675,0.519545072464076,40,5
G2_P2_case21.mat,18,40.4,0.604687016783823,0.1675,0.520502723102841,40,5
G2_P2_case21.mat,19,40.4,0.605998568186991,0.168333333333333,0.528131345834715,40,5
G2_P3_case21.mat,1,40,0.0814400214468921,0.164166666666667,0.0788640266123249,40,5
G2_P3_case21.mat,2,40,0.0713629550898317,0.166666666666667,0.0677651500209903,40,5
G2_P3_case21.mat,3,40,0.0709237323087279,0.165833333333333,0.0598262083055501,40,5
G2_P3_case21.mat,4,40,0.0593126885511964,0.165833333333333,0.0669462232104721,40,5
G2_P3_case21.mat,5,40,0.0595530813490743,0.165833333333333,0.0597400401801601,40,5
G2_P3_case21.mat,6,40,0.0829776923802982,0.165833333333333,0.0749451406110863,40,5
G2_P3_case21.mat,7,40,0.0969130897428134,0.165833333333333,0.0863920285994965,40,5
G2_P3_case21.mat,8,40,0.0976649531124518,0.165833333333333,0.0882364549330024,40,5
G2_P3_case21.mat,9,40,0.0944604300339507,0.165833333333333,0.0828501478705759,40,5
G2_P3_case21.mat,10,40,0.0803262254646869,0.165833333333333,0.0732783313114037,40,5
G2_P3_case21.mat,11,40,0.0931221015516359,0.165833333333333,0.0848830162886499,40,5
G2_P3_case21.mat,12,40,0.0944616130836872,0.165833333333333,0.0854025520365179,40,5
G2_P3_case21.mat,13,40,0.0948385218337722,0.165833333333333,0.0817491011863532,40,5
G2_P3_case21.mat,14,40,0.0800776056003018,0.166666666666667,0.0698779797691479,40,5
G2_P3_case21.mat,15,40,0.0705475590424188,0.165833333333333,0.0593321961948072,40,5
G2_P3_case21.mat,16,40,0.0721611352547863,0.165833333333333,0.0645341064085388,40,5
G2_P3_case21.mat,17,40,0.0728735088194948,0.165833333333333,0.0650042312980837,40,5
G2_P3_case21.mat,18,40,0.0811302844698959,0.165833333333333,0.0697693735737027,40,5
G2_P3_case21.mat,19,40,0.0751275814345453,0.165833333333333,0.0671039163857286,40,5
G2_P4_case21.mat,1,40,0.0886096323824181,0.165833333333333,0.0765954739202284,40,5
G2_P4_case21.mat,2,40,0.12132393353498,0.166666666666667,0.0884383612040774,40,5
G2_P4_case21.mat,3,40,0.140626841542406,0.166666666666667,0.100172628371977,40,5
G2_P4_case21.mat,4,40,0.115062676460236,0.166666666666667,0.0864779538698679,40,5
G2_P4_case21.mat,5,40,0.117425893054159,0.166666666666667,0.0858342332869353,40,5
G2_P4_case21.mat,6,40,0.113599750650437,0.166666666666667,0.0819104879497844,40,5
G2_P4_case21.mat,7,40,0.103848836247445,0.166666666666667,0.0743437078220328,40,5
G2_P4_case21.mat,8,40,0.0969272202707183,0.166666666666667,0.0692213577777247,40,5
G2_P4_case21.mat,9,40,0.100441696988053,0.166666666666667,0.0720724952384462,40,5
G2_P4_case21.mat,10,40,0.118789726123217,0.166666666666667,0.0862873388271102,40,5
G2_P4_case21.mat,11,40,0.0926677977848385,0.166666666666667,0.0681651586526965,40,5
G2_P4_case21.mat,12,40,0.089355130757022,0.166666666666667,0.0643835852172539,40,5
G2_P4_case21.mat,13,40,0.0975025494236168,0.1675,0.0705796232555551,40,5
G2_P4_case21.mat,14,40,0.105745930335304,0.166666666666667,0.0759380424598538,40,5
G2_P4_case21.mat,15,40,0.110394458413147,0.166666666666667,0.0790416249147641,40,5
G2_P4_case21.mat,16,40,0.0957409911375403,0.166666666666667,0.0689697313524279,40,5
G2_P4_case21.mat,17,40,0.0946944843109254,0.166666666666667,0.0683168258180773,40,5
G2_P4_case21.mat,18,40,0.087257743597234,0.166666666666667,0.0627422837414638,40,5
G2_P4_case21.mat,19,40,0.0911471431375767,0.166666666666667,0.0657797084097397,40,5
G3_P1_case31.mat,1,44.8,0.0888383024286304,0.185,0.0659037273667645,45,2
G3_P1_case31.mat,2,44.8,0.0644580592625414,0.186666666666667,0.0484003907418429,45,2
G3_P1_case31.mat,3,44.8,0.0767464098494922,0.186666666666667,0.0555902373749808,45,2
G3_P1_case31.mat,4,44.8,0.0787957592198871,0.185833333333333,0.0588988884791379,45,2
G3_P1_case31.mat,5,44.8,0.126753396972949,0.186666666666667,0.0903460309626554,45,2
G3_P1_case31.mat,6,44.8,0.116513735228452,0.186666666666667,0.0846120956498595,45,2
G3_P1_case31.mat,7,44.8,0.0851671195917793,0.186666666666667,0.0647240682994803,45,2
G3_P1_case31.mat,8,44.8,0.0970847345918391,0.185833333333333,0.0723657230373302,45,2
G3_P1_case31.mat,9,44.8,0.0874789852066092,0.186666666666667,0.0694469444656159,45,2
G3_P1_case31.mat,10,44.8,0.0905225254626895,0.185833333333333,0.065872200066927,45,2
G3_P1_case31.mat,11,44.8,0.0833845440232059,0.185833333333333,0.0593258165901538,45,2
G3_P1_case31.mat,12,44.8,0.0857922817623943,0.185833333333333,0.0620701293133138,45,2
G3_P1_case31.mat,13,44.8,0.0735308619472332,0.186666666666667,0.0525755554614071,45,2
G3_P1_case31.mat,14,44.8,0.0897445790260786,0.186666666666667,0.0654159940697374,45,2
G3_P1_case31.mat,15,44.8,0.10386176686856,0.185833333333333,0.0808721839094635,45,2
G3_P1_case31.mat,16,44.8,0.100305202193709,0.185833333333333,0.0732172501349603,45,2
G3_P1_case31.mat,17,44.8,0.102830039069037,0.186666666666667,0.0750929580817685,45,2
G3_P1_case31.mat,18,44.8,0.101434902006749,0.186666666666667,0.0736353854174967,45,2
G3_P1_case31.mat,19,44.8,0.100375647440978,0.185833333333333,0.0730000165256218,45,2
G3_P2_case31.mat,1,44.8,0.0865154799596475,0.185833333333333,0.0899033547463179,45,2
G3_P2_case31.mat,2,44.8,0.111942828454054,0.1875,0.0957094610989051,45,2
G3_P2_case31.mat,3,44.8,0.0927582539411884,0.186666666666667,0.0847054635118155,45,2
G3_P2_case31.mat,4,44.8,0.102616374578297,0.186666666666667,0.0890143848755725,45,2
G3_P2_case31.mat,5,44.8,0.152394297327482,0.1875,0.129848109180835,45,2
G3_P2_case31.mat,6,44.8,0.226793613800293,0.186666666666667,0.215147338211095,45,2
G3_P2_case31.mat,7,44.8,0.220095906598232,0.186666666666667,0.193797402552805,45,2
G3_P2_case31.mat,8,44.8,0.210938489181653,0.1875,0.176397697887559,45,2
G3_P2_case31.mat,9,44.8,0.183896725733197,0.186666666666667,0.154367812859803,45,2
G3_P2_case31.mat,10,44.8,0.0970987593953666,0.186666666666667,0.0840383653369578,45,2
G3_P2_case31.mat,11,45.2,0.0946082446116662,0.1875,0.106966511349333,45,2
G3_P2_case31.mat,12,44.8,0.172870819063373,0.1875,0.158942173041772,45,2
G3_P2_case31.mat,13,44.8,0.167902907982026,0.1875,0.160295907802959,45,2
G3_P2_case31.mat,14,44.8,0.214265311572422,0.186666666666667,0.18982289992095,45,2
G3_P2_case31.mat,15,44.8,0.230423170080777,0.1875,0.187395036385128,45,2
G3_P2_case31.mat,16,44.8,0.11401090865415,0.1875,0.101970947823705,45,2
G3_P2_case31.mat,17,44.8,0.11172011516031,0.186666666666667,0.0975977513880798,45,2
G3_P2_case31.mat,18,44.8,0.107901576505615,0.1875,0.0970327069534739,45,2
G3_P2_case31.mat,19,44.8,0.0971691860185062,0.1875,0.0861053909809449,45,2
G3_P3_case31.mat,1,41.6,0.0216265419445781,0.168333333333333,0.0439303441664648,45,2
G3_P3_case31.mat,2,36.4,0.0130013633495305,0.1625,0.0290788937807974,45,2
G3_P3_case31.mat,3,41.6,0.0208635079403752,0.165833333333333,0.0294919470164889,45,2
G3_P3_case31.mat,4,48.4,0.0132249758292546,0.168333333333333,0.0288980957513395,45,2
G3_P3_case31.mat,5,36.4,0.0288658013370139,0.148333333333333,0.0419707401524371,45,2
G3_P3_case31.mat,6,33.2,0.0184631222290428,0.163333333333333,0.0389465072082517,45,2
G3_P3_case31.mat,7,45.2,0.0192273341769617,0.171666666666667,0.0335260934621995,45,2
G3_P3_case31.mat,8,37.2,0.020627023367958,0.165833333333333,0.0419986305665014,45,2
G3_P3_case31.mat,9,45.2,0.0236215011277881,0.1625,0.0494976075701424,45,2
G3_P3_case31.mat,10,45.2,0.0260616161119789,0.164166666666667,0.0503597956910854,45,2
G3_P3_case31.mat,11,45.2,0.0225695785689946,0.166666666666667,0.0478822109447415,45,2
G3_P3_case31.mat,12,37.2,0.0227443780107403,0.155,0.0489738053070295,45,2
G3_P3_case31.mat,13,44.8,0.0183155761339015,0.174166666666667,0.0312313884417183,45,2
G3_P3_case31.mat,14,38.8,0.0224403090422506,0.159166666666667,0.0368697139654022,45,2
G3_P3_case31.mat,15,33.2,0.0190611519585573,0.150833333333333,0.0412585150269534,45,2
G3_P3_case31.mat,16,36.4,0.0209260550436025,0.161666666666667,0.0341124808369462,45,2
G3_P3_case31.mat,17,41.6,0.0217401397921926,0.1725,0.0327050115365185,45,2
G3_P3_case31.mat,18,41.6,0.0181612043309736,0.161666666666667,0.0358509569225333,45,2
G3_P3_case31.mat,19,36.4,0.0227955444522294,0.17,0.0347946773536253,45,2
G3_P4_case31.mat,1,45.2,0.0530731173824092,0.186666666666667,0.0594009640305953,45,2
G3_P4_case31.mat,2,45.2,0.0365807132580242,0.188333333333333,0.0325485502490948,45,2
G3_P4_case31.mat,3,45.2,0.0414532064341429,0.188333333333333,0.0399452588932371,45,2
G3_P4_case31.mat,4,45.2,0.035908853782203,0.189166666666667,0.0361134228073134,45,2
G3_P4_case31.mat,5,45.2,0.0725542378926447,0.189166666666667,0.0723182728330822,45,2
G3_P4_case31.mat,6,45.2,0.0914993875486737,0.189166666666667,0.0910978600107602,45,2
G3_P4_case31.mat,7,45.2,0.0814828946843651,0.188333333333333,0.0731045135686636,45,2
G3_P4_case31.mat,8,45.2,0.0863834547057839,0.188333333333333,0.0761418668441061,45,2
G3_P4_case31.mat,9,45.2,0.0896909732522267,0.189166666666667,0.0740552862165067,45,2
G3_P4_case31.mat,10,45.2,0.065561002885669,0.189166666666667,0.0614081206034239,45,2
G3_P4_case31.mat,11,45.6,0.0532486112343457,0.189166666666667,0.0575195996263052,45,2
G3_P4_case31.mat,12,45.2,0.0648925552751139,0.188333333333333,0.0629029552735825,45,2
G3_P4_case31.mat,13,45.2,0.0522105684597737,0.188333333333333,0.0544561821113682,45,2
G3_P4_case31.mat,14,45.2,0.0656076683855174,0.189166666666667,0.0636056699248128,45,2
G3_P4_case31.mat,15,45.2,0.0799987745647719,0.189166666666667,0.0666292824182153,45,2
G3_P4_case31.mat,16,45.2,0.0544166318465462,0.189166666666667,0.0508406477454355,45,2
G3_P4_case31.mat,17,45.2,0.0556718052864976,0.188333333333333,0.0520067077512706,45,2
G3_P4_case31.mat,18,45.2,0.0528072803529174,0.188333333333333,0.051725924002896,45,2
G3_P4_case31.mat,19,45.2,0.0537488379119736,0.189166666666667,0.0520357162204829,45,2
G3_P4_case31.mat,20,45.2,0.0568792469102441,0.189166666666667,0.0527563703637607,45,2
G4_P1_case41.mat,1,50,0.122949517043248,0.206666666666667,0.0937611186966337,50,3
G4_P1_case41.mat,2,50,0.141624159244899,0.208333333333333,0.102178743400315,50,3
G4_P1_case41.mat,3,50,0.151679331400892,0.208333333333333,0.108669349348491,50,3
G4_P1_case41.mat,4,50,0.147942839264001,0.208333333333333,0.105806061348436,50,3
G4_P1_case41.mat,5,50,0.147143908546719,0.208333333333333,0.106432683793496,50,3
G4_P1_case41.mat,6,50,0.145014911496629,0.208333333333333,0.105057535405998,50,3
G4_P1_case41.mat,7,50,0.137736400404638,0.208333333333333,0.0986486352889637,50,3
G4_P1_case41.mat,8,50,0.118505099861214,0.208333333333333,0.0850017970954841,50,3
G4_P1_case41.mat,9,50,0.118071442812245,0.208333333333333,0.0845785120614061,50,3
G4_P1_case41.mat,10,50,0.0972683447559653,0.208333333333333,0.0724963083990145,50,3
G4_P1_case41.mat,11,50,0.0795765562317258,0.208333333333333,0.0584667798702456,50,3
G4_P1_case41.mat,12,50,0.101155845863019,0.208333333333333,0.0746697498044131,50,3
G4_P1_case41.mat,13,50,0.103708075211511,0.208333333333333,0.0752189191012662,50,3
G4_P1_case41.mat,14,50,0.106998840700017,0.208333333333333,0.0776081809927715,50,3
G4_P1_case41.mat,15,50,0.135887643536823,0.208333333333333,0.101687310463867,50,3
G4_P1_case41.mat,16,50,0.141556167931026,0.208333333333333,0.103823440624281,50,3
G4_P1_case41.mat,17,50,0.124122502350712,0.208333333333333,0.0899619994724592,50,3
G4_P1_case41.mat,18,50,0.129762460801897,0.208333333333333,0.0933658003974329,50,3
G4_P1_case41.mat,19,50,0.135445899503123,0.208333333333333,0.097258684705157,50,3
G4_P1_case41.mat,20,50,0.136044815135969,0.208333333333333,0.097814016835688,50,3
G4_P2_case41.mat,1,49.6,0.0290029772669241,0.204166666666667,0.0390003742490638,50,3
G4_P2_case41.mat,2,49.6,0.0249216507584095,0.205833333333333,0.0197417439317886,50,3
G4_P2_case41.mat,3,49.6,0.0240445414207794,0.205833333333333,0.0172996226628647,50,3
G4_P2_case41.mat,4,49.6,0.0236112370212538,0.205833333333333,0.0178315809591183,50,3
G4_P2_case41.mat,5,49.6,0.0266850382172833,0.206666666666667,0.0194301796968202,50,3
G4_P2_case41.mat,6,49.6,0.00969981784794358,0.205833333333333,0.00995471286421759,50,3
G4_P2_case41.mat,7,49.6,0.0155983195433429,0.205833333333333,0.0113210757593897,50,3
G4_P2_case41.mat,8,49.6,0.0161908043612885,0.205833333333333,0.0117039148515218,50,3
G4_P2_case41.mat,9,49.6,0.0127963142178532,0.206666666666667,0.00936068633764988,50,3
G4_P2_case41.mat,10,49.6,0.0134027918856901,0.206666666666667,0.0101951710242352,50,3
G4_P2_case41.mat,11,49.6,0.0160208970705201,0.206666666666667,0.0117022821853274,50,3
G4_P2_case41.mat,12,49.6,0.0129100993860235,0.205833333333333,0.0103158567939049,50,3
G4_P2_case41.mat,13,49.6,0.0129512708063704,0.205833333333333,0.010345068985781,50,3
G4_P2_case41.mat,14,49.6,0.0179357031325064,0.205833333333333,0.0135062087024742,50,3
G4_P2_case41.mat,15,49.6,0.0156251540402835,0.206666666666667,0.0118948866042808,50,3
G4_P2_case41.mat,16,49.6,0.0129259015788132,0.206666666666667,0.0105326192071911,50,3
G4_P2_case41.mat,17,49.6,0.0229734647824569,0.206666666666667,0.0165385877129403,50,3
G4_P2_case41.mat,18,49.6,0.0232952196371156,0.206666666666667,0.0168775671563045,50,3
G4_P2_case41.mat,19,49.6,0.0254992292803354,0.206666666666667,0.0183611914808863,50,3
G4_P2_case41.mat,20,49.6,0.0263084017224605,0.205833333333333,0.0189959884548106,50,3
G4_P3_case41.mat,1,50,0.0572722881058704,0.205833333333333,0.0560424796362647,50,3
G4_P3_case41.mat,2,50,0.0718989451052606,0.208333333333333,0.0522684731031305,50,3
G4_P3_case41.mat,3,50,0.0455159901463555,0.208333333333333,0.0339674909989349,50,3
G4_P3_case41.mat,4,49.6,0.0115404624601307,0.1925,0.0159945678991062,50,3
G4_P3_case41.mat,5,50,0.0499341090929828,0.208333333333333,0.0374318072673343,50,3
G4_P3_case41.mat,6,50,0.0574785112908988,0.208333333333333,0.0428723094539256,50,3
G4_P3_case41.mat,7,50,0.0523292644409375,0.206666666666667,0.0400039226362907,50,3
G4_P3_case41.mat,8,50,0.0166566007313504,0.189166666666667,0.0188368689915825,50,3
G4_P3_case41.mat,9,50,0.0794499445860371,0.208333333333333,0.0586707056301715,50,3
G4_P3_case41.mat,10,50,0.143360773447636,0.208333333333333,0.102728506386184,50,3
G4_P3_case41.mat,11,50,0.155120076811611,0.208333333333333,0.110569236072286,50,3
G4_P3_case41.mat,12,50,0.069334474387945,0.208333333333333,0.0571651493450933,50,3
G4_P3_case41.mat,13,50,0.0203361212313571,0.180833333333333,0.0278834900138245,50,3
G4_P3_case41.mat,14,50,0.108338324928194,0.208333333333333,0.0788088632472697,50,3
G4_P3_case41.mat,15,50,0.0986181153029028,0.208333333333333,0.0722224473474782,50,3
G4_P3_case41.mat,16,50,0.0573882327780463,0.208333333333333,0.0432658919099181,50,3
G4_P3_case41.mat,17,50,0.0501771237258716,0.208333333333333,0.0368217896072385,50,3
G4_P3_case41.mat,18,50,0.00806925363004561,0.186666666666667,0.0140209322065024,50,3
G4_P3_case41.mat,19,50,0.0418884299104741,0.2075,0.0324443561726998,50,3
G4_P3_case41.mat,20,50,0.076677740992957,0.208333333333333,0.0552951931179057,50,3
G4_P4_case41.mat,1,50,0.145886468491899,0.206666666666667,0.134757910468166,50,3
G4_P4_case41.mat,2,50,0.165205952905795,0.208333333333333,0.140458522484837,50,3
G4_P4_case41.mat,3,50,0.184024065680489,0.208333333333333,0.152231021318529,50,3
G4_P4_case41.mat,4,50,0.177291337503729,0.208333333333333,0.14674603040958,50,3
G4_P4_case41.mat,5,50,0.178825637447335,0.2075,0.147987004253171,50,3
G4_P4_case41.mat,6,50,0.1739395834985,0.2075,0.145708205832411,50,3
G4_P4_case41.mat,7,50,0.194087671395528,0.208333333333333,0.156683157328088,50,3
G4_P4_case41.mat,8,50,0.181163477824828,0.208333333333333,0.145542328005885,50,3
G4_P4_case41.mat,9,50,0.17931046474887,0.208333333333333,0.143733327095101,50,3
G4_P4_case41.mat,10,50,0.161869999833092,0.2075,0.133811707181215,50,3
G4_P4_case41.mat,11,50,0.147831020977188,0.2075,0.126643667987931,50,3
G4_P4_case41.mat,12,50,0.1618997685575,0.208333333333333,0.134480070947109,50,3
G4_P4_case41.mat,13,50,0.15637647407036,0.208333333333333,0.131153921881771,50,3
G4_P4_case41.mat,14,50,0.16223607539905,0.208333333333333,0.136353786000924,50,3
G4_P4_case41.mat,15,50,0.186831738765344,0.208333333333333,0.151825561113341,50,3
G4_P4_case41.mat,16,50,0.163979505292672,0.2075,0.140129727764406,50,3
G4_P4_case41.mat,17,50,0.145396785982458,0.2075,0.129945846939169,50,3
G4_P4_case41.mat,18,50,0.152205893450671,0.208333333333333,0.131357465793147,50,3
G4_P4_case41.mat,19,50,0.15610842058164,0.208333333333333,0.130502579745994,50,3
G4_P4_case41.mat,20,50,0.15830237965813,0.208333333333333,0.13371025961105,50,3
G5_P1_case51.mat,1,35.2,0.0923583086663523,0.145,0.0883763753321367,35,5
G5_P1_case51.mat,2,34.8,0.0788087088619589,0.145833333333333,0.0830977785774169,35,5
G5_P1_case51.mat,3,35.2,0.0804573796963425,0.145833333333333,0.0771862608726116,35,5
G5_P1_case51.mat,4,35.2,0.0894659593599955,0.145833333333333,0.0903526788273064,35,5
G5_P1_case51.mat,5,35.2,0.119866848949558,0.145833333333333,0.115011849464168,35,5
G5_P1_case51.mat,6,35.2,0.14601039678334,0.145833333333333,0.1312176786663,35,5
G5_P1_case51.mat,7,35.2,0.148938240087384,0.145833333333333,0.138146944780234,35,5
G5_P1_case51.mat,8,35.2,0.143613581032049,0.145833333333333,0.131356586596869,35,5
G5_P1_case51.mat,9,35.2,0.145249851054466,0.145833333333333,0.133358148600072,35,5
G5_P1_case51.mat,10,35.2,0.151048842616801,0.145833333333333,0.14439219769923,35,5
G5_P1_case51.mat,11,35.2,0.140048769168877,0.146666666666667,0.12873482244589,35,5
G5_P1_case51.mat,12,35.2,0.1536951208655,0.145833333333333,0.140234241191307,35,5
G5_P1_case51.mat,13,35.2,0.131123814516092,0.145833333333333,0.123771593517895,35,5
G5_P1_case51.mat,14,35.2,0.134790679538588,0.145833333333333,0.119648743027026,35,5
G5_P1_case51.mat,15,35.2,0.137004840313412,0.146666666666667,0.119289261776819,35,5
G5_P1_case51.mat,16,35.2,0.12310950929961,0.145833333333333,0.114542170458241,35,5
G5_P1_case51.mat,17,35.2,0.120704950044142,0.145833333333333,0.112193048273097,35,5
G5_P1_case51.mat,18,35.2,0.12340475196224,0.145833333333333,0.112554198723333,35,5
G5_P2_case51.mat,1,34.8,0.0676931225854012,0.144166666666667,0.0523668334501232,35,5
G5_P2_case51.mat,2,34.8,0.0644044168987773,0.145,0.0474099799695381,35,5
G5_P2_case51.mat,3,34.8,0.0650008219516556,0.145,0.0477631109457216,35,5
G5_P2_case51.mat,4,34.8,0.0566384298940372,0.145,0.042042781498619,35,5
G5_P2_case51.mat,5,34.8,0.0521871724379328,0.145,0.0389547251578648,35,5
G5_P2_case51.mat,6,34.8,0.0525065227350436,0.145833333333333,0.0386988223452382,35,5
G5_P2_case51.mat,7,34.8,0.0533333881152842,0.145,0.0390898503763477,35,5
G5_P2_case51.mat,8,34.8,0.0539448757494113,0.145,0.0400803132557988,35,5
G5_P2_case51.mat,9,34.8,0.0549331052482841,0.145833333333333,0.041320816880523,35,5
G5_P2_case51.mat,10,34.8,0.0569231562298548,0.145,0.0418034011617907,35,5
G5_P2_case51.mat,11,34.8,0.0507784595123704,0.145,0.0373329758979848,35,5
G5_P2_case51.mat,12,34.8,0.0511981771811552,0.145,0.0375594447453326,35,5
G5_P2_case51.mat,13,34.8,0.051239733767784,0.145,0.0373900463577787,35,5
G5_P2_case51.mat,14,34.8,0.0527407146943899,0.145,0.0387984225046823,35,5
G5_P2_case51.mat,15,34.8,0.0491423674963419,0.145,0.0362056015788129,35,5
G5_P2_case51.mat,16,34.8,0.0477970124280436,0.145,0.0350611540952091,35,5
G5_P2_case51.mat,17,34.8,0.0483644161296346,0.145,0.0355257430715389,35,5
G5_P2_case51.mat,18,34.8,0.0477644739041033,0.145,0.0351892471487468,35,5
G5_P3_case51.mat,1,34.8,0.0199592571597379,0.145,0.0195387839295443,35,5
G5_P3_case51.mat,2,34.8,0.0191518394948733,0.145833333333333,0.0152118166408258,35,5
G5_P3_case51.mat,3,34.8,0.014461330397244,0.145,0.0135877983168003,35,5
G5_P3_case51.mat,4,34.8,0.0220944121613059,0.145833333333333,0.0188996994449412,35,5
G5_P3_case51.mat,5,34.8,0.0244136048163825,0.145833333333333,0.0214657731762612,35,5
G5_P3_case51.mat,6,34.8,0.0247559318235758,0.145,0.0211846016377822,35,5
G5_P3_case51.mat,7,34.8,0.0242388760622026,0.145833333333333,0.0212752753877104,35,5
G5_P3_case51.mat,8,34.8,0.0247839310373294,0.145833333333333,0.0218654278854114,35,5
G5_P3_case51.mat,9,34.8,0.0253987200197091,0.145,0.0222767922016321,35,5
G5_P3_case51.mat,10,34.8,0.0239258722473114,0.145,0.0214708806187682,35,5
G5_P3_case51.mat,11,34.8,0.0244901652534974,0.145833333333333,0.021705668419022,35,5
G5_P3_case51.mat,12,34.8,0.0256774472420717,0.145833333333333,0.022717426927127,35,5
G5_P3_case51.mat,13,34.8,0.0237208822784761,0.145,0.0211686600437661,35,5
G5_P3_case51.mat,14,34.8,0.0236563000975433,0.145833333333333,0.0220470271628746,35,5
G5_P3_case51.mat,15,34.8,0.0256908861829578,0.145833333333333,0.0229160128004421,35,5
G5_P3_case51.mat,16,34.8,0.0277575653200028,0.145,0.0245626341095727,35,5
G5_P3_case51.mat,17,34.8,0.0282689655433987,0.145,0.0248601039641087,35,5
G5_P3_case51.mat,18,34.8,0.0282910864059701,0.145833333333333,0.0249067177397123,35,5
G5_P4_case51.mat,1,34.8,0.0585788746903845,0.145833333333333,0.0612589578770865,35,5
G5_P4_case51.mat,2,34.8,0.0450484256979091,0.145,0.0353915868285923,35,5
G5_P4_case51.mat,3,34.8,0.0414345770861164,0.145833333333333,0.0338836683197649,35,5
G5_P4_case51.mat,4,34.8,0.0589826037023561,0.145,0.0474196431382141,35,5
G5_P4_case51.mat,5,34.8,0.0560883789730009,0.145833333333333,0.0444548539408373,35,5
G5_P4_case51.mat,6,34.8,0.0550547122401614,0.145,0.0421738406764562,35,5
G5_P4_case51.mat,7,34.8,0.0519547247892754,0.145,0.0403947275387003,35,5
G5_P4_case51.mat,8,34.8,0.0545886077047646,0.145,0.0426325942640365,35,5
G5_P4_case51.mat,9,34.8,0.0541882587411142,0.145,0.0442917795544386,35,5
G5_P4_case51.mat,10,34.8,0.0498857222826188,0.143333333333333,0.0438987843340786,35,5
G5_P4_case51.mat,11,34.8,0.0560495411616668,0.145,0.0440285571173262,35,5
G5_P4_case51.mat,12,34.8,0.0553918130189738,0.145833333333333,0.042506648170123,35,5
G5_P4_case51.mat,13,34.8,0.0504376578960531,0.145,0.0403233824537348,35,5
G5_P4_case51.mat,14,34.8,0.0545198748936525,0.145833333333333,0.0432314624176715,35,5
G5_P4_case51.mat,15,34.8,0.0584322827504263,0.145,0.0446776390284851,35,5
G5_P4_case51.mat,16,34.8,0.0635329940185886,0.145,0.0493513528232533,35,5
G5_P4_case51.mat,17,34.8,0.0650329131282157,0.145,0.0504639209544323,35,5
G5_P4_case51.mat,18,34.8,0.06461338509995,0.145,0.0500806208563808,35,5
G5_P4_case51.mat,19,34.8,0.0638933232312995,0.145833333333333,0.05009079074463,35,5
G6_P1_case61.mat,1,40,0.15664453416792,0.164166666666667,0.137102770740655,40,2
G6_P1_case61.mat,2,40,0.206662949359793,0.165833333333333,0.182710512783006,40,2
G6_P1_case61.mat,3,40,0.214646432461749,0.166666666666667,0.184574503662384,40,2
G6_P1_case61.mat,4,40,0.214198944560085,0.165833333333333,0.177056964060591,40,2
G6_P1_case61.mat,5,40,0.193193617688863,0.165833333333333,0.167047631768511,40,2
G6_P1_case61.mat,6,40,0.200313966866974,0.166666666666667,0.171104724979238,40,2
G6_P1_case61.mat,7,40,0.207319988722719,0.165833333333333,0.178149852955262,40,2
G6_P1_case61.mat,8,40,0.218800113672873,0.165833333333333,0.190388484385604,40,2
G6_P1_case61.mat,9,40,0.238465474331052,0.166666666666667,0.201532280862165,40,2
G6_P1_case61.mat,10,40,0.224982779426559,0.165833333333333,0.196913341496122,40,2
G6_P1_case61.mat,11,40,0.240287717113291,0.165833333333333,0.204456412245153,40,2
G6_P1_case61.mat,12,40,0.211848686080598,0.166666666666667,0.177352586848148,40,2
G6_P1_case61.mat,13,40,0.205191696750903,0.165833333333333,0.174000136155523,40,2
G6_P1_case61.mat,14,40,0.197678795929249,0.165833333333333,0.169003833764974,40,2
G6_P1_case61.mat,15,40,0.206749757912376,0.166666666666667,0.175465373576222,40,2
G6_P1_case61.mat,16,40,0.205799991476947,0.165833333333333,0.18039753946777,40,2
G6_P1_case61.mat,17,40,0.201851175147266,0.165833333333333,0.17148191547851,40,2
G6_P1_case61.mat,18,40,0.14947359966917,0.165833333333333,0.148304326548865,40,2
G6_P2_case61.mat,1,40.4,0.0923938253224979,0.165833333333333,0.0946661234129232,40,2
G6_P2_case61.mat,2,40,0.151052364125989,0.1675,0.168562467705843,40,2
G6_P2_case61.mat,3,40,0.176867799314846,0.1675,0.183847802932996,40,2
G6_P2_case61.mat,4,40.4,0.145068829672963,0.1675,0.150650229872707,40,2
G6_P2_case61.mat,5,40,0.126296499739043,0.1675,0.137221852885395,40,2
G6_P2_case61.mat,6,40,0.126696023071555,0.1675,0.134515052810943,40,2
G6_P2_case61.mat,7,40,0.121064171715458,0.1675,0.126641427487657,40,2
G6_P2_case61.mat,8,40,0.124497090374513,0.1675,0.126358876998795,40,2
G6_P2_case61.mat,9,40,0.11236214731034,0.1675,0.120125341263615,40,2
G6_P2_case61.mat,10,40,0.121106940479311,0.1675,0.125969033603549,40,2
G6_P2_case61.mat,11,40.4,0.102590548321559,0.1675,0.114291393878854,40,2
G6_P2_case61.mat,12,40,0.0955691158413693,0.1675,0.103509379652371,40,2
G6_P2_case61.mat,13,40,0.110610815304659,0.1675,0.116022890463832,40,2
G6_P2_case61.mat,14,40,0.090733141378812,0.166666666666667,0.0970755926822985,40,2
G6_P2_case61.mat,15,40.4,0.0966542652134321,0.1675,0.10232147202511,40,2
G6_P2_case61.mat,16,40,0.103669545730149,0.166666666666667,0.103604688201435,40,2
G6_P2_case61.mat,17,40,0.0961802065704067,0.166666666666667,0.0973521938159295,40,2
G6_P2_case61.mat,18,40,0.110925278023505,0.166666666666667,0.0899279018534802,40,2
G6_P3_case61.mat,1,40,0.0616323700951888,0.166666666666667,0.0504960466507504,40,2
G6_P3_case61.mat,2,40,0.059035776350891,0.166666666666667,0.0443047903703503,40,2
G6_P3_case61.mat,3,40,0.0582358688032674,0.166666666666667,0.0429463500647185,40,2
G6_P3_case61.mat,4,40,0.0584925928683839,0.1675,0.0434516464155563,40,2
G6_P3_case61.mat,5,40,0.0594723137350684,0.166666666666667,0.0444846653674065,40,2
G6_P3_case61.mat,6,40,0.0561404130324934,0.166666666666667,0.0420325646760428,40,2
G6_P3_case61.mat,7,40,0.048994074000683,0.166666666666667,0.0368867052453474,40,2
G6_P3_case61.mat,8,40,0.050520952453338,0.166666666666667,0.0375333922659756,40,2
G6_P3_case61.mat,9,40,0.0435505987227661,0.166666666666667,0.0330587632307671,40,2
G6_P3_case61.mat,10,40,0.0528042563550015,0.166666666666667,0.0390043074477412,40,2
G6_P3_case61.mat,11,40,0.0455872541165706,0.166666666666667,0.035342044444979,40,2
G6_P3_case61.mat,12,40,0.0567108410086004,0.166666666666667,0.0420276578784779,40,2
G6_P3_case61.mat,13,40,0.0602395203206815,0.166666666666667,0.0449288882312846,40,2
G6_P3_case61.mat,14,40,0.0682588842476465,0.166666666666667,0.050565705350325,40,2
G6_P3_case61.mat,15,40,0.067674586981856,0.166666666666667,0.0504770503052198,40,2
G6_P3_case61.mat,16,40,0.0678955047913329,0.166666666666667,0.0501470020834666,40,2
G6_P3_case61.mat,17,40,0.0656469262710224,0.166666666666667,0.0491873471111344,40,2
G6_P3_case61.mat,18,40,0.0555545571946306,0.1675,0.0441772194886169,40,2
G6_P4_case61.mat,1,40,0.104765688261949,0.165833333333333,0.0910261884164018,40,2
G6_P4_case61.mat,2,40,0.150291457875898,0.166666666666667,0.107238028672707,40,2
G6_P4_case61.mat,3,40,0.159832765336037,0.166666666666667,0.113565243165618,40,2
G6_P4_case61.mat,4,40,0.144701960392692,0.166666666666667,0.103527551561136,40,2
G6_P4_case61.mat,5,40,0.139561977721655,0.166666666666667,0.0994602871594322,40,2
G6_P4_case61.mat,6,40,0.14010741134902,0.166666666666667,0.0997793855593853,40,2
G6_P4_case61.mat,7,40,0.1476835227298,0.166666666666667,0.105320860856069,40,2
G6_P4_case61.mat,8,40,0.162197629137777,0.166666666666667,0.115275108639479,40,2
G6_P4_case61.mat,9,40,0.171039291387327,0.166666666666667,0.121948579497246,40,2
G6_P4_case61.mat,10,40,0.181689786209257,0.165833333333333,0.129238789270252,40,2
G6_P4_case61.mat,11,40,0.172776708586911,0.166666666666667,0.124497072219913,40,2
G6_P4_case61.mat,12,40,0.143283803044272,0.166666666666667,0.102428470028995,40,2
G6_P4_case61.mat,13,40,0.136640595974345,0.166666666666667,0.0975891203589906,40,2
G6_P4_case61.mat,14,40,0.133196026065444,0.166666666666667,0.0949240572024353,40,2
G6_P4_case61.mat,15,40,0.133294422423494,0.166666666666667,0.0950249801286536,40,2
G6_P4_case61.mat,16,40,0.135348690490512,0.166666666666667,0.0963066212231544,40,2
G6_P4_case61.mat,17,40,0.128005219172366,0.166666666666667,0.0913201880723769,40,2
G6_P4_case61.mat,18,40,0.108890507018115,0.165833333333333,0.0781704611127777,40,2
G7_P1_case71.mat,1,45.2,0.568527533629526,0.188333333333333,0.425352140488805,45,3
G7_P1_case71.mat,2,45.2,0.640444958102919,0.188333333333333,0.464092238163326,45,3
G7_P1_case71.mat,3,45.2,0.63855082378971,0.1875,0.461280967145066,45,3
G7_P1_case71.mat,4,45.2,0.7094189376087,0.1875,0.520105846744891,45,3
G7_P1_case71.mat,5,45.2,0.849865370364872,0.1875,0.605916444057438,45,3
G7_P1_case71.mat,6,45.2,0.511626430529431,0.1875,0.382865241035557,45,3
G7_P1_case71.mat,7,45.2,0.418669789420681,0.188333333333333,0.313743293643151,45,3
G7_P1_case71.mat,8,45.2,0.590825216318776,0.188333333333333,0.423570832602271,45,3
G7_P1_case71.mat,9,45.2,0.707636517605923,0.188333333333333,0.509807386921071,45,3
G7_P1_case71.mat,10,45.2,0.724707486050546,0.188333333333333,0.520443914627564,45,3
G7_P1_case71.mat,11,45.2,0.508293752648796,0.1875,0.361691065987347,45,3
G7_P1_case71.mat,12,45.2,0.549175912648512,0.1875,0.391172107908313,45,3
G7_P1_case71.mat,13,45.2,0.513373482946219,0.1875,0.365178411333293,45,3
G7_P1_case71.mat,14,45.2,0.645094924085844,0.1875,0.467458778675557,45,3
G7_P1_case71.mat,15,45.2,0.704359390953329,0.188333333333333,0.507573895623119,45,3
G7_P1_case71.mat,16,45.2,0.710433111535789,0.188333333333333,0.507423621393707,45,3
G7_P1_case71.mat,17,45.2,0.699153943509949,0.188333333333333,0.496886142554769,45,3
G7_P1_case71.mat,18,45.2,0.662170477834343,0.188333333333333,0.472847394757216,45,3
G7_P2_case71.mat,1,44.8,0.0786685005060378,0.184166666666667,0.063199466470652,45,3
G7_P2_case71.mat,2,44.8,0.0792680224377238,0.186666666666667,0.0564224045961215,45,3
G7_P2_case71.mat,3,44.8,0.0767538643055901,0.186666666666667,0.055795436078917,45,3
G7_P2_case71.mat,4,44.8,0.0833522051655489,0.186666666666667,0.0594313327356651,45,3
G7_P2_case71.mat,5,44.8,0.100002609836751,0.186666666666667,0.0723965270856575,45,3
G7_P2_case71.mat,6,44.8,0.114181603094761,0.186666666666667,0.0820887345305665,45,3
G7_P2_case71.mat,7,44.8,0.0849892640182612,0.186666666666667,0.0608291243207316,45,3
G7_P2_case71.mat,8,44.8,0.0704433292740806,0.186666666666667,0.0502319639690238,45,3
G7_P2_case71.mat,9,44.8,0.0629282372023774,0.186666666666667,0.0448745441155551,45,3
G7_P2_case71.mat,10,44.8,0.0670295677047094,0.186666666666667,0.0479927761532271,45,3
G7_P2_case71.mat,11,44.8,0.0685213493833776,0.186666666666667,0.0503831568090462,45,3
G7_P2_case71.mat,12,44.8,0.0789806427825775,0.186666666666667,0.0565699493770254,45,3
G7_P2_case71.mat,13,44.8,0.0873601143607719,0.186666666666667,0.0625602304075349,45,3
G7_P2_case71.mat,14,44.8,0.107724180089226,0.186666666666667,0.077004066043029,45,3
G7_P2_case71.mat,15,44.8,0.0957084648753054,0.186666666666667,0.0687584146520025,45,3
G7_P2_case71.mat,16,44.8,0.0852092700685782,0.186666666666667,0.0608230740941158,45,3
G7_P2_case71.mat,17,44.8,0.0837140196277505,0.186666666666667,0.0600890781892055,45,3
G7_P2_case71.mat,18,44.8,0.0845365537599085,0.186666666666667,0.0604496650908199,45,3
G7_P3_case71.mat,1,45.2,0.0156295395670975,0.185833333333333,0.0145607195346812,45,3
G7_P3_case71.mat,2,45.2,0.0189582090602825,0.186666666666667,0.0157120482874562,45,3
G7_P3_case71.mat,3,45.2,0.0172646279991914,0.1875,0.0133095420152354,45,3
G7_P3_case71.mat,4,45.2,0.0205723980691142,0.1875,0.0162142434014294,45,3
G7_P3_case71.mat,5,45.2,0.0283852801072947,0.188333333333333,0.0207207439116258,45,3
G7_P3_case71.mat,6,45.2,0.0240191034620254,0.188333333333333,0.0174828864269674,45,3
G7_P3_case71.mat,7,45.2,0.0174864619921252,0.188333333333333,0.0134122021348884,45,3
G7_P3_case71.mat,8,45.2,0.0140333896226006,0.188333333333333,0.0112063819112179,45,3
G7_P3_case71.mat,9,45.2,0.0112850816647028,0.179166666666667,0.0106953346476565,45,3
G7_P3_case71.mat,10,45.2,0.0108327795722886,0.18,0.00987599152627823,45,3
G7_P3_case71.mat,11,45.2,0.0149566306072059,0.188333333333333,0.0118672930404125,45,3
G7_P3_case71.mat,12,45.2,0.0161825225792962,0.1875,0.0125039210628112,45,3
G7_P3_case71.mat,13,45.2,0.0188966948681966,0.1875,0.0145060903263147,45,3
G7_P3_case71.mat,14,45.2,0.0228350666728677,0.188333333333333,0.0180231207093094,45,3
G7_P3_case71.mat,15,45.2,0.0200267730015178,0.188333333333333,0.0154327247630903,45,3
G7_P3_case71.mat,16,45.2,0.0197238633976697,0.1875,0.0148153293294025,45,3
G7_P3_case71.mat,17,45.2,0.0188679840554052,0.1875,0.0145357707815598,45,3
G7_P3_case71.mat,18,45.2,0.0182851028547207,0.1875,0.01464623478809,45,3
G7_P4_case71.mat,1,44.8,0.0943055153687517,0.185,0.0767995510869437,45,3
G7_P4_case71.mat,2,44.8,0.106327237366782,0.186666666666667,0.0767474071712344,45,3
G7_P4_case71.mat,3,44.8,0.105097719022741,0.186666666666667,0.0752416643255525,45,3
G7_P4_case71.mat,4,44.8,0.111357608484253,0.186666666666667,0.081020304904022,45,3
G7_P4_case71.mat,5,44.8,0.129305087347473,0.186666666666667,0.0934962201255887,45,3
G7_P4_case71.mat,6,44.8,0.0946475185214095,0.186666666666667,0.0701649779356618,45,3
G7_P4_case71.mat,7,44.8,0.102410017596038,0.186666666666667,0.0738530354330931,45,3
G7_P4_case71.mat,8,44.8,0.136642186141532,0.186666666666667,0.0972116863104975,45,3
G7_P4_case71.mat,9,44.8,0.153709439690322,0.186666666666667,0.109906783132584,45,3
G7_P4_case71.mat,10,44.8,0.158007012363521,0.186666666666667,0.112359092234405,45,3
G7_P4_case71.mat,11,44.8,0.116981326215695,0.186666666666667,0.0831580256917999,45,3
G7_P4_case71.mat,12,44.8,0.120435665704179,0.186666666666667,0.0855378837366027,45,3
G7_P4_case71.mat,13,44.8,0.103396293141,0.186666666666667,0.0741928752512124,45,3
G7_P4_case71.mat,14,44.8,0.108172401016547,0.186666666666667,0.0773468145371563,45,3
G7_P4_case71.mat,15,44.8,0.117746236895562,0.186666666666667,0.083956743083275,45,3
G7_P4_case71.mat,16,44.8,0.11836234659018,0.186666666666667,0.0839665860767035,45,3
G7_P4_case71.mat,17,44.8,0.115863070687849,0.186666666666667,0.0824093065242705,45,3
G7_P4_case71.mat,18,44.8,0.111007394048214,0.186666666666667,0.0788038019797053,45,3
G8_P1_case81.mat,1,50,0.164331466329999,0.205833333333333,0.126227599433382,50,5
G8_P1_case81.mat,2,50,0.142780979340167,0.2075,0.101388487343358,50,5
G8_P1_case81.mat,3,50,0.137745198468932,0.2075,0.0976791081390903,50,5
G8_P1_case81.mat,4,50,0.135697348473872,0.2075,0.0982398622620475,50,5
G8_P1_case81.mat,5,50,0.140048989468608,0.2075,0.0996704356317934,50,5
G8_P1_case81.mat,6,50,0.151002704787309,0.208333333333333,0.107484406643395,50,5
G8_P1_case81.mat,7,50,0.124058811041719,0.2075,0.0889495215602749,50,5
G8_P1_case81.mat,8,50,0.116872360124383,0.2075,0.0829979185371246,50,5
G8_P1_case81.mat,9,50,0.0946504379374972,0.2075,0.0679373290443127,50,5
G8_P1_case81.mat,10,50,0.113389116676948,0.2075,0.0823271665261489,50,5
G8_P1_case81.mat,11,50,0.15119718129105,0.2075,0.10809236137955,50,5
G8_P1_case81.mat,12,50,0.154078099613038,0.2075,0.109899836382687,50,5
G8_P1_case81.mat,13,50,0.175431151994442,0.2075,0.126063010576201,50,5
G8_P1_case81.mat,14,50,0.18134491830039,0.2075,0.128681409557049,50,5
G8_P1_case81.mat,15,50,0.154766096522733,0.2075,0.110777235083031,50,5
G8_P1_case81.mat,16,50,0.132918882312716,0.2075,0.0941761710617039,50,5
G8_P1_case81.mat,17,50,0.122269217564003,0.2075,0.0869218549692573,50,5
G8_P1_case81.mat,18,50,0.11581518173726,0.2075,0.0824330824425717,50,5
G8_P2_case81.mat,1,50,0.0265532991840527,0.205833333333333,0.0196895234676248,50,5
G8_P2_case81.mat,2,50,0.0242709343971113,0.208333333333333,0.0175432310888695,50,5
G8_P2_case81.mat,3,50,0.0250501364790536,0.208333333333333,0.0179199711711681,50,5
G8_P2_case81.mat,4,50,0.0206117246406864,0.208333333333333,0.0150896271718654,50,5
G8_P2_case81.mat,5,50.4,0.00286072058593285,0.200833333333333,0.00449071909069301,50,5
G8_P2_case81.mat,6,50,0.0110776533265172,0.208333333333333,0.00794437052381894,50,5
G8_P2_case81.mat,7,50,0.011219269675589,0.208333333333333,0.00830317147603329,50,5
G8_P2_case81.mat,8,50,0.017266559588551,0.208333333333333,0.0122926730352444,50,5
G8_P2_case81.mat,9,50,0.0174160371513601,0.208333333333333,0.0124210544440215,50,5
G8_P2_case81.mat,10,50,0.0220490111185571,0.208333333333333,0.015675558816818,50,5
G8_P2_case81.mat,11,50,0.01834145969367,0.208333333333333,0.01325587986054,50,5
G8_P2_case81.mat,12,50,0.0110586233442869,0.208333333333333,0.0084496321194383,50,5
G8_P2_case81.mat,13,49.6,0.00617651233916382,0.205833333333333,0.00791242431369129,50,5
G8_P2_case81.mat,14,50,0.018077009735494,0.208333333333333,0.013005817223389,50,5
G8_P2_case81.mat,15,50,0.00474495379535703,0.193333333333333,0.00562655005194383,50,5
G8_P2_case81.mat,16,50,0.00417272150093811,0.203333333333333,0.00336200290771939,50,5
G8_P2_case81.mat,17,50,0.0116729009815167,0.208333333333333,0.0084904676275393,50,5
G8_P2_case81.mat,18,50,0.0164974036780613,0.208333333333333,0.0117502334046166,50,5
G8_P3_case81.mat,1,50,0.0850098182133615,0.143333333333333,0.106844187962236,50,5
G8_P3_case81.mat,2,28.4,0.0846764716033013,0.1275,0.0855338652922398,50,5
G8_P3_case81.mat,3,28.4,0.0849496081011967,0.126666666666667,0.0835264591135084,50,5
G8_P3_case81.mat,4,28.4,0.0840542695888246,0.140833333333333,0.0868305950211472,50,5
G8_P3_case81.mat,5,28.4,0.0857730939849028,0.133333333333333,0.0810419953112916,50,5
G8_P3_case81.mat,6,28.4,0.069156057356557,0.120833333333333,0.0690847354845295,50,5
G8_P3_case81.mat,7,28.4,0.068603224105035,0.120833333333333,0.0631073580693866,50,5
G8_P3_case81.mat,8,28.4,0.0792330089805217,0.12,0.0711751363975262,50,5
G8_P3_case81.mat,9,28.4,0.0710911794554211,0.120833333333333,0.0690055334574103,50,5
G8_P3_case81.mat,10,50,0.0687516769843163,0.169166666666667,0.0778096092002444,50,5
G8_P3_case81.mat,11,50,0.0590684517384095,0.18,0.061843908256755,50,5
G8_P3_case81.mat,12,50,0.0559459740789877,0.191666666666667,0.0546032076053912,50,5
G8_P3_case81.mat,13,50,0.0659795807673669,0.194166666666667,0.0609170387583737,50,5
G8_P3_case81.mat,14,28.4,0.0763546914810001,0.128333333333333,0.0774665178916054,50,5
G8_P3_case81.mat,15,28.4,0.0798680160814495,0.128333333333333,0.0846738912798947,50,5
G8_P3_case81.mat,16,28.4,0.0861917741948295,0.1325,0.0866144884798589,50,5
G8_P3_case81.mat,17,28.4,0.0919987837997769,0.125833333333333,0.0884362057042139,50,5
G8_P3_case81.mat,18,28.4,0.0847333303575615,0.146666666666667,0.0884302023533807,50,5
G8_P4_case81.mat,1,49.6,0.0913870717049109,0.204166666666667,0.0941265077746868,50,5
G8_P4_case81.mat,2,49.6,0.0910522213031541,0.206666666666667,0.0927041989272847,50,5
G8_P4_case81.mat,3,49.6,0.0997252322873375,0.2075,0.0965087344794998,50,5
G8_P4_case81.mat,4,49.6,0.0715362209361189,0.206666666666667,0.0851203831269587,50,5
G8_P4_case81.mat,5,49.6,0.075946146988582,0.205,0.0725037119750759,50,5
G8_P4_case81.mat,6,49.6,0.0984812502694959,0.2075,0.0995867015511669,50,5
G8_P4_case81.mat,7,49.6,0.0796113023919493,0.206666666666667,0.0758550891357522,50,5
G8_P4_case81.mat,8,49.6,0.0751338667007692,0.2075,0.0730974136952624,50,5
G8_P4_case81.mat,9,49.6,0.0397043263814814,0.205,0.0443575877191123,50,5
G8_P4_case81.mat,10,49.6,0.0568498137387996,0.205833333333333,0.0559722841521297,50,5
G8_P4_case81.mat,11,49.6,0.0664807087888689,0.205,0.064166392635921,50,5
G8_P4_case81.mat,12,49.6,0.0643801109720939,0.206666666666667,0.0683552728095645,50,5
G8_P4_case81.mat,13,49.6,0.103993160013787,0.2075,0.100955958236531,50,5
G8_P4_case81.mat,14,49.6,0.0887361119471642,0.206666666666667,0.0862051322677017,50,5
G8_P4_case81.mat,15,49.6,0.0699921127135046,0.2075,0.079730906538738,50,5
G8_P4_case81.mat,16,49.6,0.0715302106326994,0.206666666666667,0.0708850794652472,50,5
G8_P4_case81.mat,17,49.6,0.0890894127545713,0.2075,0.0882639077198844,50,5
G8_P4_case81.mat,18,49.6,0.0744828350970025,0.206666666666667,0.0745703657670395,50,5
G9_P1_case91.mat,1,45.2,0.0157794840049424,0.181666666666667,0.0398251766637632,45,2
G9_P1_case91.mat,2,44.8,0.012468122032867,0.1875,0.0148369489503072,45,2
G9_P1_case91.mat,3,44.8,0.0121754721993819,0.183333333333333,0.0148244880177832,45,2
G9_P1_case91.mat,4,44.8,0.0148922224475924,0.185,0.0191529338798681,45,2
G9_P1_case91.mat,5,45.2,0.0295171355645366,0.186666666666667,0.0290700776946788,45,2
G9_P1_case91.mat,6,44.8,0.0174407979254143,0.186666666666667,0.0202411697049927,45,2
G9_P1_case91.mat,7,44.8,0.0128531584428939,0.185,0.0123247158370925,45,2
G9_P1_case91.mat,8,35.2,0.0191193493361763,0.1625,0.0226311268395413,45,2
G9_P1_case91.mat,9,44.8,0.0143390529621435,0.165833333333333,0.0208138098871981,45,2
G9_P1_case91.mat,10,44.8,0.0141266398281691,0.173333333333333,0.0194043976025509,45,2
G9_P1_case91.mat,11,44.8,0.0119175512790284,0.175,0.0173110467814147,45,2
G9_P1_case91.mat,12,44.8,0.0123768219576734,0.1875,0.0140470630364328,45,2
G9_P1_case91.mat,13,44.8,0.0122410148442339,0.1875,0.0142693292821924,45,2
G9_P1_case91.mat,14,44.8,0.0159704545930972,0.1875,0.0181185583029646,45,2
G9_P1_case91.mat,15,44.8,0.0179620675275609,0.180833333333333,0.0218240654967418,45,2
G9_P1_case91.mat,16,44.8,0.0169806150708303,0.186666666666667,0.0191014086180999,45,2
G9_P1_case91.mat,17,44.8,0.0171906505266684,0.176666666666667,0.021039105586367,45,2
G9_P1_case91.mat,18,35.2,0.0180083260075343,0.166666666666667,0.0254551252413038,45,2
G9_P2_case91.mat,1,45.2,0.086780644241237,0.185,0.0763837774568674,45,2
G9_P2_case91.mat,2,44.8,0.0624113463972496,0.1875,0.0686395427107808,45,2
G9_P2_case91.mat,3,45.2,0.0801191082097935,0.188333333333333,0.0640594564867716,45,2
G9_P2_case91.mat,4,44.8,0.0770922785520224,0.1875,0.0825922112772595,45,2
G9_P2_case91.mat,5,45.2,0.220217111050667,0.1875,0.17829148739495,45,2
G9_P2_case91.mat,6,45.2,0.187833227090792,0.1875,0.169473869984839,45,2
G9_P2_case91.mat,7,45.2,0.114142814117049,0.1875,0.117612668652202,45,2
G9_P2_case91.mat,8,45.2,0.117649144466344,0.188333333333333,0.106791724178193,45,2
G9_P2_case91.mat,9,45.2,0.0813475759705349,0.1875,0.0890699172275771,45,2
G9_P2_case91.mat,10,45.2,0.0953688915136312,0.1875,0.0827066749266002,45,2
G9_P2_case91.mat,11,45.2,0.124106191922674,0.1875,0.108118038800603,45,2
G9_P2_case91.mat,12,45.2,0.133335177289762,0.188333333333333,0.116337330520332,45,2
G9_P2_case91.mat,13,45.2,0.151941801115256,0.1875,0.136484426246142,45,2
G9_P2_case91.mat,14,45.2,0.160841852355277,0.1875,0.154984029168303,45,2
G9_P2_case91.mat,15,45.2,0.108375746981556,0.1875,0.103953417054461,45,2
G9_P2_case91.mat,16,45.2,0.0999721930860331,0.1875,0.0939496119530669,45,2
G9_P2_case91.mat,17,45.2,0.101329168663132,0.1875,0.0913045082495539,45,2
G9_P2_case91.mat,18,45.2,0.0890934465642162,0.1875,0.0852378868677809,45,2
G9_P3_case91.mat,1,45.2,0.0923607698920143,0.186666666666667,0.0726883658964849,45,2
G9_P3_case91.mat,2,45.2,0.0681456020371447,0.1875,0.0617189007524182,45,2
G9_P3_case91.mat,3,45.2,0.0806845971461236,0.188333333333333,0.061482238434634,45,2
G9_P3_case91.mat,4,45.2,0.0753596310291275,0.1875,0.0728783404434652,45,2
G9_P3_case91.mat,5,45.2,0.16667844419551,0.188333333333333,0.12399190199082,45,2
G9_P3_case91.mat,6,45.2,0.170076487897264,0.1875,0.132292235658008,45,2
G9_P3_case91.mat,7,45.2,0.172308694042356,0.188333333333333,0.13535210067549,45,2
G9_P3_case91.mat,8,45.2,0.152107028516859,0.1875,0.124017834197602,45,2
G9_P3_case91.mat,9,45.2,0.141493404223495,0.188333333333333,0.112229006888844,45,2
G9_P3_case91.mat,10,45.2,0.133825306698578,0.1875,0.108085945530211,45,2
G9_P3_case91.mat,11,45.2,0.127754585014497,0.1875,0.104147578698938,45,2
G9_P3_case91.mat,12,45.2,0.127551796183846,0.1875,0.104899931842764,45,2
G9_P3_case91.mat,13,45.2,0.127179817114455,0.1875,0.105071721192119,45,2
G9_P3_case91.mat,14,45.2,0.117935489557793,0.188333333333333,0.101541819725719,45,2
G9_P3_case91.mat,15,45.2,0.104776907278967,0.1875,0.0899618429296174,45,2
G9_P3_case91.mat,16,45.2,0.096565541916884,0.1875,0.0793497006571921,45,2
G9_P3_case91.mat,17,45.2,0.0966312611363075,0.188333333333333,0.0775377528551669,45,2
G9_P3_case91.mat,18,45.2,0.0914687582207165,0.1875,0.0758115429269904,45,2
G9_P4_case91.mat,1,45.2,0.103609489090302,0.186666666666667,0.0857228966911269,45,2
G9_P4_case91.mat,2,45.2,0.103713743423972,0.1875,0.0830824346594435,45,2
G9_P4_case91.mat,3,45.2,0.0980663104884527,0.188333333333333,0.0760843910449499,45,2
G9_P4_case91.mat,4,45.2,0.116454997233426,0.1875,0.0964931178570171,45,2
G9_P4_case91.mat,5,45.2,0.214388462064836,0.188333333333333,0.156444665215957,45,2
G9_P4_case91.mat,6,45.2,0.162007495809118,0.188333333333333,0.130929976457566,45,2
G9_P4_case91.mat,7,45.2,0.11066037321454,0.1875,0.0962605456299736,45,2
G9_P4_case91.mat,8,45.2,0.139932622642477,0.1875,0.11121088134678,45,2
G9_P4_case91.mat,9,45.2,0.138238278369177,0.188333333333333,0.115245305320325,45,2
G9_P4_case91.mat,10,45.2,0.140940822389155,0.1875,0.111324679217923,45,2
G9_P4_case91.mat,11,45.2,0.131715795493182,0.188333333333333,0.100248925495621,45,2
G9_P4_case91.mat,12,45.2,0.127452583990286,0.1875,0.0982849844128005,45,2
G9_P4_case91.mat,13,45.2,0.13087776553593,0.1875,0.0990333871595631,45,2
G9_P4_case91.mat,14,45.2,0.135690058564172,0.1875,0.110705385981085,45,2
G9_P4_case91.mat,15,45.2,0.12943805228617,0.1875,0.108025559771279,45,2
G9_P4_case91.mat,16,45.2,0.131534105397502,0.1875,0.102852679936836,45,2
G9_P4_case91.mat,17,45.2,0.133708087784756,0.1875,0.103683605369035,45,2
G9_P4_case91.mat,18,45.2,0.135292391060561,0.1875,0.107686968942843,45,2
